Current_Customer_Grade,owns_car,wealth_segment,past_3_years_bike_related_purchases,property_valuation,age
1st grade,1,2,13,8,25
1st grade,1,1,28,10,48
1st grade,1,3,92,9,47
1st grade,0,2,14,10,29
1st grade,0,2,30,9,47
1st grade,1,3,83,9,45
1st grade,1,1,19,6,43
1st grade,1,3,24,6,43
1st grade,0,1,34,7,28
1st grade,0,2,93,10,43
1st grade,0,1,34,9,62
1st grade,1,1,82,12,32
1st grade,0,1,29,8,41
1st grade,0,3,64,2,32
1st grade,0,1,13,7,25
1st grade,1,1,3,8,61
1st grade,0,2,45,10,52
1st grade,1,1,34,7,34
1st grade,1,1,7,10,27
1st grade,1,2,4,8,62
1st grade,0,1,30,3,43
1st grade,0,2,1,10,52
1st grade,0,3,60,11,44
1st grade,0,1,27,12,28
1st grade,0,2,62,12,39
1st grade,1,2,34,9,44
1st grade,0,3,12,9,32
1st grade,1,1,66,6,21
1st grade,1,3,13,4,24
1st grade,1,1,32,10,34
1st grade,1,2,68,7,25
1st grade,1,1,20,8,43
1st grade,1,2,22,9,55
1st grade,0,3,35,9,46
1st grade,0,3,51,8,25
1st grade,0,1,38,1,51
1st grade,1,1,2,9,43
1st grade,1,2,93,11,54
1st grade,0,1,50,9,55
1st grade,1,1,35,10,27
1st grade,1,2,85,10,39
1st grade,1,1,88,12,44
1st grade,1,2,70,9,25
1st grade,0,1,25,10,47
1st grade,1,3,81,4,46
1st grade,1,1,89,2,35
1st grade,0,2,33,9,20
1st grade,1,2,40,10,42
1st grade,1,3,91,9,47
1st grade,1,2,28,8,NULL
1st grade,0,1,52,4,57
1st grade,0,1,91,5,36
1st grade,1,3,63,9,45
2nd grade,0,3,98,9,55
2nd grade,0,2,97,7,43
2nd grade,0,1,78,8,37
2nd grade,1,2,41,6,35
2nd grade,1,3,73,10,56
2nd grade,0,1,2,2,66
2nd grade,1,2,82,3,50
2nd grade,1,3,25,4,31
2nd grade,1,3,51,12,63
2nd grade,0,1,93,9,31
2nd grade,1,3,49,5,53
2nd grade,1,2,21,11,57
2nd grade,0,1,22,10,21
2nd grade,0,1,11,5,32
2nd grade,0,3,10,9,21
2nd grade,0,1,77,11,41
2nd grade,1,2,62,11,51
2nd grade,0,3,13,5,64
2nd grade,0,1,53,1,25
2nd grade,1,1,89,8,44
2nd grade,1,1,60,3,67
2nd grade,1,2,8,6,NULL
2nd grade,1,3,76,10,42
2nd grade,0,2,80,8,25
2nd grade,1,2,15,8,25
2nd grade,1,3,89,9,48
2nd grade,1,3,61,8,55
2nd grade,1,1,36,9,55
2nd grade,0,2,76,9,34
2nd grade,1,2,7,2,63
2nd grade,1,1,26,2,39
2nd grade,0,2,5,9,65
2nd grade,1,1,70,10,21
2nd grade,1,1,14,11,44
2nd grade,1,2,56,11,53
2nd grade,0,2,67,10,89
2nd grade,0,1,19,2,23
2nd grade,0,2,43,7,44
2nd grade,1,1,4,12,44
2nd grade,0,2,9,3,34
2nd grade,0,2,40,5,35
2nd grade,0,2,63,10,24
2nd grade,1,1,39,8,NULL
2nd grade,0,1,49,8,49
2nd grade,1,3,44,1,30
2nd grade,1,1,91,4,43
2nd grade,1,1,30,8,61
2nd grade,0,1,20,4,33
2nd grade,0,1,31,4,58
2nd grade,1,1,83,10,49
2nd grade,1,1,2,2,47
2nd grade,0,1,55,11,44
2nd grade,0,1,43,10,35
2nd grade,0,3,55,12,31
2nd grade,1,3,18,8,38
2nd grade,0,1,65,7,31
2nd grade,0,3,6,4,51
2nd grade,0,2,10,8,48
2nd grade,1,1,47,9,45
2nd grade,0,1,75,6,38
2nd grade,1,1,80,9,64
2nd grade,0,1,11,2,24
2nd grade,1,1,49,11,33
2nd grade,0,2,40,4,64
2nd grade,1,1,26,5,46
2nd grade,0,1,42,9,44
2nd grade,1,1,80,5,24
2nd grade,1,2,56,7,22
2nd grade,1,3,37,10,20
2nd grade,1,2,76,9,38
2nd grade,0,2,25,9,20
2nd grade,0,3,79,9,61
2nd grade,0,1,59,4,34
2nd grade,1,1,96,5,40
2nd grade,0,1,9,9,40
2nd grade,1,1,2,8,43
2nd grade,0,1,98,1,59
2nd grade,0,1,11,10,43
2nd grade,1,1,16,5,55
2nd grade,0,1,73,10,58
2nd grade,0,2,94,6,45
2nd grade,1,1,83,9,31
2nd grade,0,1,9,4,50
2nd grade,1,1,81,8,60
2nd grade,0,1,89,7,48
2nd grade,0,2,49,11,NULL
2nd grade,1,1,28,10,25
2nd grade,1,2,29,7,24
2nd grade,0,3,46,7,41
2nd grade,1,2,17,11,42
2nd grade,0,1,82,7,39
2nd grade,0,1,74,9,40
2nd grade,1,1,85,11,32
2nd grade,1,1,71,9,42
2nd grade,0,1,72,8,32
2nd grade,1,2,84,8,27
2nd grade,0,1,98,8,24
2nd grade,1,1,27,8,45
2nd grade,1,2,43,8,54
2nd grade,0,2,99,8,23
2nd grade,0,1,49,7,46
2nd grade,0,3,48,10,29
2nd grade,0,3,10,1,42
2nd grade,1,1,82,10,30
2nd grade,0,2,54,4,26
2nd grade,0,1,19,7,57
2nd grade,1,3,22,8,58
2nd grade,0,1,54,9,57
2nd grade,1,1,61,4,48
2nd grade,1,1,53,2,43
2nd grade,0,1,59,12,21
2nd grade,1,1,84,5,25
2nd grade,1,1,74,7,52
2nd grade,1,1,44,6,47
2nd grade,1,2,56,10,30
2nd grade,1,1,81,2,NULL
2nd grade,0,1,21,8,62
2nd grade,0,1,0,7,39
2nd grade,1,3,76,8,50
2nd grade,0,1,68,10,39
2nd grade,1,3,28,9,50
2nd grade,1,1,41,8,45
2nd grade,1,1,60,6,64
2nd grade,1,3,16,9,35
2nd grade,0,1,79,5,42
2nd grade,1,1,46,4,39
2nd grade,0,2,89,7,44
2nd grade,1,1,41,9,NULL
2nd grade,0,2,1,10,43
2nd grade,1,1,30,9,38
2nd grade,1,3,19,9,55
2nd grade,1,1,82,8,NULL
2nd grade,0,3,90,6,23
2nd grade,0,3,46,1,35
2nd grade,1,1,96,2,56
2nd grade,1,1,55,8,25
2nd grade,1,1,98,7,51
2nd grade,0,3,48,2,67
2nd grade,0,3,69,8,64
2nd grade,1,1,64,4,45
2nd grade,0,3,16,10,59
2nd grade,1,2,69,10,34
2nd grade,1,2,98,8,49
2nd grade,0,1,47,8,46
2nd grade,0,1,16,3,64
2nd grade,0,1,56,10,44
2nd grade,0,1,73,3,41
2nd grade,1,3,95,10,44
2nd grade,0,2,27,10,58
2nd grade,0,2,77,3,41
2nd grade,0,1,82,10,23
2nd grade,0,3,12,7,33
2nd grade,0,3,71,10,51
2nd grade,0,1,68,5,43
2nd grade,0,3,54,8,27
2nd grade,1,1,56,8,45
2nd grade,1,3,93,9,31
2nd grade,1,2,52,4,30
2nd grade,1,3,42,10,46
2nd grade,0,1,66,1,64
2nd grade,1,2,79,11,62
2nd grade,0,2,69,9,31
2nd grade,1,2,53,6,28
2nd grade,1,1,61,10,36
2nd grade,0,1,62,7,52
2nd grade,1,1,49,5,60
2nd grade,1,1,89,6,24
2nd grade,1,3,60,8,42
2nd grade,1,2,8,11,31
2nd grade,1,2,92,9,40
2nd grade,1,3,42,7,39
2nd grade,1,3,75,4,65
2nd grade,1,2,0,9,29
2nd grade,1,1,6,8,45
2nd grade,0,2,8,12,61
2nd grade,0,1,72,12,42
2nd grade,0,2,44,8,55
2nd grade,1,3,4,7,51
2nd grade,0,3,78,7,56
2nd grade,0,2,63,8,24
2nd grade,1,1,88,11,42
2nd grade,1,1,45,11,25
2nd grade,0,3,51,5,33
2nd grade,0,3,98,8,35
2nd grade,0,1,42,7,19
2nd grade,1,1,10,6,42
2nd grade,0,1,5,10,41
2nd grade,0,1,30,2,44
2nd grade,1,2,67,9,41
2nd grade,0,1,45,12,28
2nd grade,0,1,46,5,46
2nd grade,0,2,16,6,NULL
2nd grade,1,2,94,11,41
2nd grade,0,1,73,1,35
2nd grade,0,2,97,1,24
2nd grade,0,1,27,5,63
2nd grade,0,1,37,3,31
2nd grade,1,1,72,12,NULL
2nd grade,1,3,95,6,51
2nd grade,0,1,11,1,42
2nd grade,0,3,43,9,50
2nd grade,0,1,11,7,49
2nd grade,1,2,99,8,25
2nd grade,0,1,54,10,42
2nd grade,0,3,42,10,40
2nd grade,1,3,73,9,24
2nd grade,0,2,72,8,43
2nd grade,1,1,96,6,21
2nd grade,1,3,13,10,61
2nd grade,1,1,66,10,54
2nd grade,1,1,87,8,22
2nd grade,0,1,51,3,40
2nd grade,1,1,67,12,34
2nd grade,0,2,62,3,28
2nd grade,0,1,10,8,22
2nd grade,1,3,10,6,44
2nd grade,0,1,94,2,53
2nd grade,0,3,88,2,36
2nd grade,1,2,77,3,35
2nd grade,0,1,80,4,41
2nd grade,0,1,33,9,58
2nd grade,0,2,21,11,41
2nd grade,1,1,32,7,NULL
2nd grade,1,1,87,9,31
2nd grade,0,2,90,10,33
2nd grade,0,1,34,9,42
2nd grade,0,1,17,9,61
2nd grade,1,1,28,4,59
2nd grade,0,1,98,8,49
2nd grade,0,2,51,9,66
2nd grade,0,2,59,8,42
2nd grade,1,1,77,3,25
2nd grade,0,3,50,12,46
2nd grade,1,1,47,1,41
2nd grade,0,1,4,3,35
2nd grade,0,1,36,1,56
2nd grade,0,2,91,11,30
2nd grade,0,2,40,6,43
2nd grade,1,1,84,3,45
2nd grade,1,1,71,9,63
2nd grade,1,1,7,6,43
2nd grade,1,2,52,1,24
2nd grade,0,2,53,10,45
2nd grade,1,1,18,11,NULL
2nd grade,0,1,98,2,39
2nd grade,1,2,59,12,30
2nd grade,0,3,18,7,NULL
2nd grade,1,1,38,10,40
2nd grade,1,1,74,11,53
2nd grade,1,1,68,5,40
2nd grade,1,2,64,8,46
2nd grade,1,1,57,8,32
2nd grade,0,3,88,11,45
2nd grade,1,1,53,3,56
2nd grade,1,2,88,9,35
2nd grade,1,1,19,10,41
2nd grade,1,1,35,8,31
2nd grade,0,1,2,11,58
2nd grade,1,1,27,1,32
2nd grade,0,3,69,1,27
2nd grade,1,3,77,2,28
2nd grade,1,1,28,8,38
2nd grade,1,1,43,4,47
2nd grade,1,2,29,7,66
2nd grade,1,2,29,4,61
2nd grade,1,1,95,10,40
2nd grade,1,1,43,8,42
2nd grade,1,1,61,8,20
2nd grade,0,1,11,6,54
2nd grade,0,1,52,9,23
2nd grade,0,2,21,8,33
2nd grade,0,3,79,12,63
2nd grade,0,2,83,8,26
2nd grade,1,1,71,2,22
2nd grade,1,3,46,7,47
2nd grade,1,1,33,7,64
2nd grade,1,2,35,10,28
2nd grade,0,1,41,7,66
2nd grade,1,1,51,11,21
2nd grade,1,3,10,5,23
2nd grade,0,1,7,8,40
2nd grade,0,1,48,7,56
2nd grade,0,1,47,9,59
2nd grade,1,1,53,10,44
2nd grade,1,2,5,9,46
2nd grade,0,1,85,3,27
2nd grade,1,1,73,9,51
2nd grade,1,1,62,9,46
2nd grade,1,3,96,6,65
2nd grade,0,3,46,3,40
2nd grade,0,1,95,11,52
2nd grade,1,1,46,9,45
2nd grade,1,1,84,8,25
2nd grade,1,2,71,8,20
2nd grade,1,1,84,10,41
2nd grade,1,2,99,5,40
2nd grade,1,1,73,8,43
2nd grade,1,1,23,7,22
2nd grade,0,1,73,7,40
2nd grade,0,3,39,7,61
2nd grade,0,3,93,8,22
2nd grade,0,1,83,10,43
2nd grade,1,3,61,6,49
2nd grade,1,1,76,10,26
2nd grade,1,3,12,12,50
2nd grade,0,3,57,3,56
2nd grade,0,3,80,10,47
2nd grade,1,2,13,7,64
2nd grade,1,2,48,11,56
2nd grade,0,3,23,8,42
2nd grade,0,1,83,12,39
2nd grade,1,1,35,9,41
2nd grade,1,1,80,9,47
2nd grade,1,1,72,4,60
2nd grade,1,1,82,5,50
2nd grade,0,1,93,9,23
2nd grade,1,3,93,9,49
2nd grade,1,3,70,5,43
2nd grade,0,1,89,1,42
2nd grade,0,3,67,12,65
2nd grade,1,2,53,8,49
2nd grade,1,1,78,8,63
2nd grade,0,2,33,11,64
2nd grade,1,2,99,4,28
2nd grade,0,3,68,8,54
2nd grade,1,2,6,10,41
2nd grade,0,1,33,3,31
2nd grade,1,1,31,8,36
2nd grade,0,3,60,8,44
2nd grade,1,1,80,10,32
2nd grade,1,2,96,8,52
2nd grade,0,1,49,10,36
2nd grade,0,1,63,9,56
2nd grade,1,2,42,8,25
2nd grade,1,3,30,8,63
2nd grade,0,1,84,8,23
2nd grade,0,1,40,7,39
2nd grade,0,1,44,9,42
2nd grade,1,2,87,7,38
2nd grade,0,3,38,8,53
2nd grade,1,1,9,6,63
2nd grade,1,1,28,8,22
2nd grade,1,2,73,9,42
2nd grade,1,2,93,12,60
2nd grade,1,1,75,6,49
2nd grade,0,1,81,9,NULL
2nd grade,1,1,19,8,39
2nd grade,0,1,62,11,50
2nd grade,1,3,17,7,42
2nd grade,0,3,22,8,60
2nd grade,1,1,21,4,43
2nd grade,1,2,29,7,22
2nd grade,1,1,72,3,44
2nd grade,0,2,73,4,39
2nd grade,0,1,70,12,25
2nd grade,0,3,47,10,NULL
2nd grade,0,2,49,7,44
2nd grade,1,2,19,9,44
2nd grade,1,2,96,10,63
2nd grade,0,1,23,7,59
2nd grade,1,2,2,10,44
2nd grade,0,1,97,3,21
2nd grade,0,1,2,1,67
2nd grade,0,3,35,7,52
2nd grade,0,1,6,9,27
2nd grade,1,1,49,9,42
2nd grade,1,3,78,9,61
2nd grade,0,2,88,4,52
2nd grade,0,1,16,7,51
2nd grade,1,3,77,7,60
2nd grade,0,3,11,9,23
2nd grade,1,1,61,9,63
2nd grade,1,1,76,5,20
2nd grade,0,2,41,10,25
2nd grade,1,1,81,10,28
2nd grade,1,3,14,8,55
2nd grade,0,1,48,7,43
2nd grade,0,2,61,3,41
2nd grade,1,3,24,4,45
2nd grade,1,1,12,4,42
2nd grade,0,3,55,4,23
2nd grade,1,3,14,4,56
2nd grade,1,3,80,7,41
2nd grade,1,2,69,9,65
2nd grade,1,1,18,3,39
2nd grade,1,1,44,10,64
2nd grade,0,2,23,8,40
2nd grade,1,1,40,10,42
2nd grade,1,1,14,12,61
2nd grade,1,1,46,5,34
2nd grade,0,3,69,9,54
2nd grade,1,1,34,10,49
2nd grade,0,1,28,4,NULL
2nd grade,1,1,78,11,40
2nd grade,0,3,89,10,43
2nd grade,1,3,59,8,61
2nd grade,1,1,73,11,42
2nd grade,1,1,26,9,35
2nd grade,0,2,57,6,46
2nd grade,0,1,76,10,44
2nd grade,0,1,25,10,51
2nd grade,0,1,16,1,41
2nd grade,0,3,50,10,49
2nd grade,1,1,68,9,19
2nd grade,1,1,67,6,33
2nd grade,1,2,89,9,46
2nd grade,0,1,45,8,61
2nd grade,1,1,77,6,29
2nd grade,0,1,94,1,60
2nd grade,0,2,37,12,45
2nd grade,1,1,72,8,57
2nd grade,0,1,1,9,50
2nd grade,0,2,1,1,56
2nd grade,0,3,4,9,42
2nd grade,1,3,29,7,49
2nd grade,0,1,65,5,21
2nd grade,0,2,50,10,54
2nd grade,1,2,44,9,63
2nd grade,0,1,0,2,40
2nd grade,0,1,40,7,57
2nd grade,0,1,31,6,40
2nd grade,0,3,15,7,49
2nd grade,0,3,47,7,61
2nd grade,1,1,87,6,32
2nd grade,1,2,83,10,30
2nd grade,1,3,38,9,44
2nd grade,1,2,7,4,47
2nd grade,0,2,88,9,53
2nd grade,0,1,23,8,51
2nd grade,0,2,20,6,35
2nd grade,1,1,23,10,36
2nd grade,1,1,90,8,44
2nd grade,1,1,43,8,54
2nd grade,0,1,78,9,59
2nd grade,0,3,78,10,36
2nd grade,1,1,47,11,46
2nd grade,1,1,52,9,57
2nd grade,1,1,87,10,42
2nd grade,1,1,7,8,45
2nd grade,0,1,30,11,42
2nd grade,0,2,50,1,36
2nd grade,1,1,64,7,64
2nd grade,0,1,65,8,59
2nd grade,1,3,56,8,32
2nd grade,1,1,46,8,41
2nd grade,0,2,41,8,43
2nd grade,1,3,37,7,58
2nd grade,0,1,96,10,44
2nd grade,0,1,25,5,33
2nd grade,0,3,16,8,43
2nd grade,1,2,46,11,43
2nd grade,1,1,74,9,48
2nd grade,0,1,5,7,67
2nd grade,0,2,55,7,24
2nd grade,1,2,69,12,46
2nd grade,0,1,3,9,47
2nd grade,1,1,32,11,47
2nd grade,1,1,77,8,61
2nd grade,0,2,2,5,35
2nd grade,1,1,13,8,48
2nd grade,0,1,42,9,33
2nd grade,0,1,38,8,42
2nd grade,0,2,34,8,39
2nd grade,0,2,16,3,44
2nd grade,0,1,37,8,49
2nd grade,1,2,61,8,63
2nd grade,0,1,60,9,40
2nd grade,1,1,32,9,43
2nd grade,0,2,83,8,61
2nd grade,0,1,3,9,56
2nd grade,1,1,42,3,NULL
2nd grade,1,2,99,8,61
2nd grade,0,1,7,4,66
2nd grade,1,2,47,7,34
2nd grade,1,2,44,10,62
2nd grade,0,3,39,2,44
3rd grade,1,3,59,2,40
3rd grade,1,2,60,10,58
3rd grade,1,3,58,3,42
3rd grade,0,1,28,8,42
3rd grade,1,1,82,5,53
3rd grade,1,3,79,5,56
3rd grade,1,1,83,8,64
3rd grade,1,1,19,11,40
3rd grade,1,2,58,9,49
3rd grade,1,2,92,4,25
3rd grade,0,2,9,1,43
3rd grade,1,3,0,10,46
3rd grade,1,2,50,8,49
3rd grade,1,1,19,7,31
3rd grade,0,2,79,9,55
3rd grade,1,3,17,12,25
3rd grade,1,1,29,9,41
3rd grade,0,1,24,3,56
3rd grade,0,1,57,9,51
3rd grade,1,2,7,7,42
3rd grade,0,1,66,6,54
3rd grade,0,1,34,6,29
3rd grade,1,2,78,11,46
3rd grade,0,1,26,10,21
3rd grade,1,1,38,8,41
3rd grade,1,1,92,8,32
3rd grade,1,2,0,7,65
3rd grade,0,3,43,8,22
3rd grade,0,1,88,7,55
3rd grade,1,3,62,4,37
3rd grade,1,1,16,8,41
3rd grade,1,3,72,5,63
3rd grade,1,2,61,7,57
3rd grade,0,1,33,7,46
3rd grade,0,1,76,12,24
3rd grade,0,1,90,9,23
3rd grade,0,1,50,5,66
3rd grade,1,1,77,7,26
3rd grade,1,3,15,9,44
3rd grade,0,2,22,9,52
3rd grade,0,3,16,5,35
3rd grade,0,1,71,3,NULL
3rd grade,0,1,1,9,32
3rd grade,1,1,46,7,23
3rd grade,0,2,12,10,24
3rd grade,1,1,55,10,43
3rd grade,1,2,36,6,42
3rd grade,0,2,81,7,42
3rd grade,0,1,97,8,37
3rd grade,1,3,2,1,44
3rd grade,1,2,13,4,60
3rd grade,0,1,68,5,61
3rd grade,0,2,65,11,21
3rd grade,0,1,72,7,59
3rd grade,1,1,46,9,42
3rd grade,1,1,5,8,25
3rd grade,1,2,93,6,42
3rd grade,0,1,36,11,56
3rd grade,1,1,70,8,51
3rd grade,1,1,19,3,26
3rd grade,0,1,46,3,43
3rd grade,0,2,44,9,59
3rd grade,0,2,21,6,67
3rd grade,0,2,27,12,57
3rd grade,0,1,26,3,27
3rd grade,1,1,19,9,25
3rd grade,1,1,43,11,44
3rd grade,1,1,77,9,42
3rd grade,1,3,97,8,28
3rd grade,1,1,4,10,18
3rd grade,1,1,49,5,22
3rd grade,0,1,95,1,NULL
3rd grade,0,1,2,11,66
3rd grade,1,1,19,11,40
3rd grade,1,1,67,10,NULL
3rd grade,0,1,18,7,24
3rd grade,0,1,70,7,62
3rd grade,0,1,64,9,45
3rd grade,0,1,76,5,42
3rd grade,1,1,1,11,43
3rd grade,1,1,34,9,21
3rd grade,1,2,98,9,47
3rd grade,0,3,7,5,34
3rd grade,1,1,31,9,51
3rd grade,1,3,56,10,52
3rd grade,1,3,97,10,31
3rd grade,1,1,75,2,20
3rd grade,1,3,9,7,25
3rd grade,0,2,76,5,41
3rd grade,0,1,43,9,53
3rd grade,1,3,47,7,53
3rd grade,1,1,17,9,22
3rd grade,1,2,63,2,39
3rd grade,1,1,20,2,65
3rd grade,0,2,52,8,52
3rd grade,1,2,81,8,55
3rd grade,1,2,34,7,44
3rd grade,1,3,88,6,32
3rd grade,1,2,6,4,51
3rd grade,1,2,28,7,47
3rd grade,1,1,68,9,52
3rd grade,1,2,51,4,38
3rd grade,0,3,74,11,66
3rd grade,1,1,0,9,35
3rd grade,0,1,12,12,47
3rd grade,1,2,58,10,NULL
3rd grade,0,3,67,6,34
3rd grade,0,1,64,5,43
3rd grade,0,3,83,1,46
3rd grade,0,1,85,9,48
3rd grade,0,1,89,6,40
3rd grade,0,3,87,9,47
3rd grade,0,3,13,5,42
3rd grade,1,3,20,12,43
3rd grade,0,3,13,8,43
3rd grade,0,1,5,12,21
3rd grade,0,3,98,5,44
3rd grade,0,1,23,8,62
3rd grade,1,1,55,5,34
3rd grade,0,3,0,7,28
3rd grade,1,2,50,8,34
3rd grade,1,2,67,11,25
3rd grade,0,3,56,10,42
3rd grade,0,3,82,8,42
3rd grade,0,1,69,3,46
3rd grade,0,1,96,8,65
3rd grade,0,3,29,11,22
3rd grade,1,1,51,5,36
3rd grade,1,1,84,9,31
3rd grade,0,3,59,1,44
3rd grade,0,1,9,7,58
3rd grade,1,2,44,8,41
3rd grade,1,2,14,11,56
3rd grade,0,1,30,8,44
3rd grade,1,2,15,8,43
3rd grade,0,3,50,12,48
3rd grade,0,1,88,9,42
3rd grade,1,1,55,2,19
3rd grade,0,1,56,4,43
3rd grade,0,1,98,5,27
3rd grade,0,3,0,9,33
3rd grade,1,3,43,7,57
3rd grade,0,3,87,8,62
3rd grade,1,3,32,11,59
3rd grade,0,1,80,9,57
3rd grade,0,2,72,8,22
3rd grade,0,3,36,8,43
3rd grade,0,3,44,11,58
3rd grade,0,3,59,10,19
3rd grade,0,2,79,7,20
3rd grade,0,2,80,5,25
3rd grade,0,1,13,11,60
3rd grade,0,1,77,9,35
3rd grade,0,1,38,9,32
3rd grade,1,3,98,11,53
3rd grade,0,3,31,9,41
3rd grade,1,1,40,10,63
3rd grade,0,3,32,2,NULL
3rd grade,1,1,53,10,66
3rd grade,1,3,5,11,33
3rd grade,1,2,56,6,43
3rd grade,1,3,33,10,50
3rd grade,0,2,99,6,36
3rd grade,1,1,38,10,50
3rd grade,0,3,70,12,NULL
3rd grade,0,3,3,7,59
3rd grade,1,1,71,7,56
3rd grade,0,1,67,3,30
3rd grade,1,1,11,1,61
3rd grade,1,2,26,3,44
3rd grade,1,3,65,10,35
3rd grade,1,1,58,4,44
3rd grade,1,1,44,9,NULL
3rd grade,1,2,60,2,40
3rd grade,1,1,8,8,50
3rd grade,0,2,38,10,42
3rd grade,1,3,84,8,19
3rd grade,1,3,28,7,44
3rd grade,1,1,89,10,39
3rd grade,0,1,75,3,43
3rd grade,0,3,24,5,50
3rd grade,0,1,44,11,28
3rd grade,1,1,33,7,42
3rd grade,0,2,48,7,45
3rd grade,0,1,22,9,59
3rd grade,1,1,98,10,43
3rd grade,0,1,31,5,39
3rd grade,1,3,40,8,61
3rd grade,1,1,89,5,54
3rd grade,0,3,73,7,29
3rd grade,0,1,34,12,42
3rd grade,1,1,59,12,55
3rd grade,1,1,75,11,46
3rd grade,0,3,63,9,35
3rd grade,0,3,38,3,53
3rd grade,1,1,29,5,41
3rd grade,1,3,17,9,28
3rd grade,0,1,30,10,40
3rd grade,1,3,16,10,19
3rd grade,0,1,97,9,22
3rd grade,0,1,89,8,22
3rd grade,0,1,29,1,24
3rd grade,0,2,91,8,39
3rd grade,1,1,46,4,55
3rd grade,1,3,71,4,25
3rd grade,0,1,73,11,67
3rd grade,0,1,80,8,23
3rd grade,1,1,98,2,60
3rd grade,1,1,17,6,56
3rd grade,1,1,12,7,38
3rd grade,1,1,96,7,56
3rd grade,1,1,64,6,56
3rd grade,0,1,37,8,42
3rd grade,0,3,12,12,43
3rd grade,0,2,99,12,24
3rd grade,0,1,64,9,44
3rd grade,0,1,56,3,54
3rd grade,0,1,87,11,46
3rd grade,1,3,73,6,50
3rd grade,1,3,27,8,77
3rd grade,0,2,42,4,42
3rd grade,1,1,38,4,43
3rd grade,1,1,4,9,46
3rd grade,1,1,64,8,53
3rd grade,1,1,47,10,22
3rd grade,1,1,93,6,20
3rd grade,1,1,9,8,47
3rd grade,0,1,2,8,42
3rd grade,0,1,57,9,51
3rd grade,0,1,50,9,44
3rd grade,1,2,30,9,47
3rd grade,0,3,41,10,47
3rd grade,0,1,38,10,47
3rd grade,1,3,6,8,50
3rd grade,0,1,2,9,62
3rd grade,0,1,51,2,33
3rd grade,0,3,88,5,50
3rd grade,0,1,22,5,34
3rd grade,1,1,39,12,26
3rd grade,0,1,35,8,24
3rd grade,0,1,11,10,42
3rd grade,0,1,75,2,37
3rd grade,1,1,48,9,46
3rd grade,0,3,44,2,66
3rd grade,1,3,73,9,22
3rd grade,0,1,66,8,55
3rd grade,0,2,27,9,48
3rd grade,0,1,49,10,31
3rd grade,1,1,48,10,33
3rd grade,0,3,36,10,49
3rd grade,1,3,10,10,36
3rd grade,0,1,22,3,44
3rd grade,0,2,54,4,38
3rd grade,0,2,21,9,51
3rd grade,0,1,32,11,45
3rd grade,1,3,20,4,33
3rd grade,1,1,80,2,39
3rd grade,1,2,80,3,39
3rd grade,0,1,35,3,42
3rd grade,1,2,21,10,44
3rd grade,0,3,48,7,53
3rd grade,0,3,63,1,56
3rd grade,1,1,85,4,35
3rd grade,1,3,84,4,43
3rd grade,0,2,18,8,29
3rd grade,1,2,16,11,42
3rd grade,0,3,47,9,NULL
3rd grade,1,1,9,10,58
3rd grade,0,3,73,4,45
3rd grade,0,1,42,9,49
3rd grade,0,3,96,1,63
3rd grade,1,2,13,7,37
3rd grade,0,2,72,11,40
3rd grade,0,1,12,6,41
3rd grade,1,2,90,7,24
3rd grade,1,2,64,6,41
3rd grade,1,3,20,8,22
3rd grade,1,2,47,8,38
3rd grade,1,2,83,3,50
3rd grade,0,2,60,5,22
3rd grade,0,2,24,9,47
3rd grade,0,1,61,9,54
3rd grade,1,1,7,7,49
3rd grade,0,1,26,8,NULL
3rd grade,1,1,63,10,25
3rd grade,1,3,94,9,53
3rd grade,0,1,64,1,48
3rd grade,1,1,87,8,27
3rd grade,1,1,13,3,43
3rd grade,0,1,67,8,52
3rd grade,1,3,50,1,55
3rd grade,0,1,19,7,40
3rd grade,0,2,93,3,44
3rd grade,1,1,21,7,49
3rd grade,1,3,38,6,65
3rd grade,1,1,63,9,31
3rd grade,0,2,51,4,28
3rd grade,1,2,98,7,43
3rd grade,0,1,56,8,40
3rd grade,0,1,29,4,48
3rd grade,0,3,43,8,43
3rd grade,1,3,74,8,51
3rd grade,1,1,33,10,53
3rd grade,1,1,48,8,NULL
3rd grade,0,1,89,9,52
3rd grade,0,3,96,2,42
3rd grade,0,3,74,9,30
3rd grade,0,3,79,8,66
3rd grade,0,2,53,10,48
3rd grade,0,2,41,10,21
3rd grade,0,1,54,1,34
3rd grade,1,2,1,9,47
3rd grade,0,1,63,8,45
3rd grade,0,1,65,8,61
3rd grade,1,3,37,10,27
3rd grade,0,1,72,7,51
3rd grade,1,1,49,10,30
3rd grade,1,3,44,1,57
3rd grade,1,1,40,10,52
3rd grade,1,3,12,9,45
3rd grade,1,1,22,9,23
3rd grade,0,1,9,9,66
3rd grade,1,2,16,10,49
3rd grade,1,1,3,3,26
3rd grade,1,1,55,10,49
3rd grade,1,3,94,8,44
3rd grade,0,1,11,2,53
3rd grade,1,1,24,7,26
3rd grade,0,1,46,10,23
3rd grade,0,3,15,11,36
3rd grade,0,3,86,9,40
3rd grade,0,1,76,11,52
3rd grade,0,1,43,4,38
3rd grade,0,1,90,12,27
3rd grade,0,1,73,5,55
3rd grade,1,3,71,12,42
3rd grade,0,2,6,10,53
3rd grade,0,3,25,10,35
3rd grade,1,3,95,2,30
3rd grade,0,1,9,6,43
3rd grade,0,1,93,5,34
3rd grade,1,2,99,3,65
3rd grade,0,2,63,9,26
3rd grade,0,2,75,10,42
3rd grade,0,1,13,10,59
3rd grade,1,1,41,8,64
3rd grade,0,3,32,6,45
3rd grade,1,2,60,7,56
3rd grade,0,1,43,8,39
3rd grade,1,2,28,9,58
3rd grade,0,1,50,7,58
3rd grade,1,2,77,8,49
3rd grade,0,1,62,9,56
3rd grade,1,2,74,7,40
3rd grade,1,1,86,7,42
3rd grade,1,3,84,7,NULL
3rd grade,0,1,30,12,NULL
3rd grade,0,3,90,10,43
3rd grade,1,3,9,7,39
3rd grade,1,2,1,7,NULL
3rd grade,1,2,70,9,24
3rd grade,0,1,89,10,46
3rd grade,0,2,54,4,65
3rd grade,0,1,27,11,43
3rd grade,1,3,99,7,31
3rd grade,1,1,98,7,45
3rd grade,1,1,89,5,41
3rd grade,0,2,77,10,57
3rd grade,1,2,31,11,42
3rd grade,1,3,55,7,66
3rd grade,1,3,91,12,24
3rd grade,1,2,79,8,35
3rd grade,0,1,43,7,34
3rd grade,1,3,71,9,52
3rd grade,0,3,74,6,22
3rd grade,1,1,37,10,52
3rd grade,1,1,45,9,54
3rd grade,0,1,9,6,29
3rd grade,0,1,10,8,28
3rd grade,0,3,47,11,35
3rd grade,0,3,98,7,26
3rd grade,0,1,10,10,41
3rd grade,0,3,41,5,46
3rd grade,0,2,69,4,28
3rd grade,1,1,52,7,51
3rd grade,1,2,94,10,33
3rd grade,1,1,89,10,44
3rd grade,1,1,42,8,NULL
3rd grade,1,1,80,10,61
3rd grade,0,3,7,4,65
3rd grade,0,2,50,6,62
3rd grade,1,2,97,3,43
3rd grade,1,1,30,9,60
3rd grade,1,1,42,7,38
3rd grade,1,2,81,9,41
3rd grade,1,1,65,8,63
3rd grade,0,2,88,9,65
3rd grade,0,3,60,9,44
3rd grade,0,3,78,9,51
3rd grade,1,3,0,7,33
3rd grade,1,2,42,8,52
3rd grade,0,3,8,3,26
3rd grade,0,1,35,5,46
3rd grade,0,1,42,9,NULL
3rd grade,0,1,5,3,40
3rd grade,1,2,63,7,31
3rd grade,0,1,18,9,55
3rd grade,0,2,48,7,44
3rd grade,1,1,2,8,54
3rd grade,1,3,8,7,47
3rd grade,0,2,85,9,25
3rd grade,1,3,82,8,41
3rd grade,1,1,6,10,46
3rd grade,1,1,91,9,61
3rd grade,0,3,2,5,37
3rd grade,0,2,20,9,61
3rd grade,1,1,74,9,26
3rd grade,1,3,81,7,66
3rd grade,1,3,8,12,66
3rd grade,1,1,6,8,62
3rd grade,0,1,93,10,23
3rd grade,1,3,56,1,31
3rd grade,0,3,38,3,46
3rd grade,0,3,34,10,25
3rd grade,0,1,39,10,46
3rd grade,0,1,18,8,49
3rd grade,1,1,9,8,44
3rd grade,0,1,53,10,46
3rd grade,0,2,16,8,49
3rd grade,1,1,16,6,25
3rd grade,0,1,37,9,61
3rd grade,1,3,11,9,46
3rd grade,0,2,16,10,43
3rd grade,1,3,27,8,25
3rd grade,0,2,86,9,56
3rd grade,0,3,55,11,61
3rd grade,0,3,86,10,63
3rd grade,1,1,59,9,46
3rd grade,1,3,43,3,46
3rd grade,0,3,77,11,42
3rd grade,1,3,55,6,40
3rd grade,0,3,41,10,42
3rd grade,0,1,19,10,29
3rd grade,1,1,55,4,28
3rd grade,1,1,6,8,30
3rd grade,0,2,39,7,59
3rd grade,1,2,36,8,45
3rd grade,0,1,46,12,43
3rd grade,1,1,64,11,24
3rd grade,0,1,49,11,22
3rd grade,0,1,74,1,43
3rd grade,1,3,42,8,30
3rd grade,0,1,39,11,59
3rd grade,0,1,40,7,39
3rd grade,1,1,53,10,32
3rd grade,1,3,58,10,40
3rd grade,0,3,11,7,32
3rd grade,0,2,90,11,24
3rd grade,1,2,59,7,55
3rd grade,0,1,42,9,41
3rd grade,1,1,37,8,19
3rd grade,0,1,29,9,NULL
3rd grade,1,2,33,7,35
3rd grade,0,2,67,8,24
3rd grade,0,1,63,9,21
3rd grade,0,1,25,7,34
3rd grade,0,1,81,1,46
3rd grade,1,1,66,8,23
3rd grade,0,3,19,8,46
3rd grade,0,1,69,8,63
3rd grade,0,1,83,10,58
3rd grade,0,1,63,9,56
3rd grade,0,3,25,5,31
3rd grade,1,2,19,7,28
3rd grade,1,1,84,12,22
3rd grade,0,1,91,12,47
3rd grade,1,1,16,12,52
3rd grade,1,2,66,8,57
3rd grade,1,3,74,9,31
3rd grade,0,1,98,3,42
3rd grade,1,2,59,10,43
3rd grade,1,3,62,8,25
3rd grade,1,2,66,12,25
3rd grade,0,3,63,11,46
3rd grade,1,1,32,8,49
3rd grade,0,2,79,7,38
3rd grade,0,2,96,7,54
3rd grade,0,3,20,8,51
3rd grade,1,1,26,3,21
3rd grade,0,2,37,6,30
3rd grade,1,3,35,9,54
3rd grade,1,1,22,8,NULL
3rd grade,1,3,80,2,52
3rd grade,0,3,32,6,34
3rd grade,1,1,35,1,47
3rd grade,0,1,62,10,35
3rd grade,0,2,80,12,44
3rd grade,0,3,23,1,64
3rd grade,1,1,60,8,60
3rd grade,1,1,19,10,29
3rd grade,0,2,16,3,20
3rd grade,1,1,67,9,39
3rd grade,0,3,53,2,53
3rd grade,0,1,94,8,56
3rd grade,0,2,25,5,59
3rd grade,0,3,71,6,34
3rd grade,1,1,32,10,44
3rd grade,1,3,4,8,61
3rd grade,0,1,19,11,66
3rd grade,1,1,67,7,59
3rd grade,1,3,17,9,40
3rd grade,0,2,57,9,53
3rd grade,1,3,21,9,55
3rd grade,1,3,21,7,48
3rd grade,0,2,82,8,64
3rd grade,0,2,96,6,34
3rd grade,0,2,76,11,63
3rd grade,0,1,99,9,58
3rd grade,0,1,33,12,24
3rd grade,1,1,20,10,58
3rd grade,0,1,99,9,47
3rd grade,0,2,77,8,39
3rd grade,1,1,72,7,32
3rd grade,0,3,17,8,42
3rd grade,0,3,23,12,42
3rd grade,0,1,39,6,49
3rd grade,0,2,95,5,33
3rd grade,0,1,31,5,50
3rd grade,1,3,37,3,46
3rd grade,1,3,89,9,32
3rd grade,1,3,57,8,42
3rd grade,1,1,66,7,23
3rd grade,0,3,37,10,33
3rd grade,1,2,32,8,49
3rd grade,1,1,99,9,31
3rd grade,1,3,12,7,61
3rd grade,1,1,41,9,53
3rd grade,1,2,7,10,34
3rd grade,0,1,72,8,64
3rd grade,0,3,71,4,37
3rd grade,1,3,86,1,23
3rd grade,0,1,14,8,40
3rd grade,1,1,48,11,61
3rd grade,1,2,62,4,54
3rd grade,0,3,18,8,26
3rd grade,0,1,23,1,23
3rd grade,1,2,51,7,44
3rd grade,1,2,97,1,40
3rd grade,0,3,12,8,39
3rd grade,0,1,98,5,40
3rd grade,0,3,57,9,33
3rd grade,0,3,94,7,52
3rd grade,1,1,92,10,27
3rd grade,0,2,37,7,46
3rd grade,1,1,22,12,33
3rd grade,1,1,20,9,54
3rd grade,0,3,82,10,25
3rd grade,0,2,9,2,52
3rd grade,1,1,71,7,41
3rd grade,0,1,55,12,42
3rd grade,1,3,50,12,41
3rd grade,0,2,10,8,49
3rd grade,0,2,34,10,35
3rd grade,1,1,14,10,30
3rd grade,1,3,79,9,63
3rd grade,0,1,20,6,46
3rd grade,1,2,14,8,58
3rd grade,1,3,94,7,41
3rd grade,0,1,69,12,41
3rd grade,1,1,3,10,52
3rd grade,1,2,27,6,57
3rd grade,1,3,35,8,19
3rd grade,0,1,52,2,43
3rd grade,1,1,98,9,66
3rd grade,0,1,8,8,23
3rd grade,1,1,13,5,45
3rd grade,1,3,59,6,22
3rd grade,0,1,99,2,49
3rd grade,1,1,32,6,53
3rd grade,1,1,0,5,35
3rd grade,1,3,62,12,26
3rd grade,0,1,13,1,41
3rd grade,0,1,52,9,63
3rd grade,1,2,44,5,21
3rd grade,1,3,96,9,59
3rd grade,1,1,43,10,40
3rd grade,0,1,53,4,49
3rd grade,0,1,86,8,48
3rd grade,0,3,1,7,NULL
3rd grade,1,1,6,12,51
3rd grade,0,1,90,12,56
3rd grade,0,1,84,4,47
3rd grade,0,1,31,7,41
3rd grade,1,1,26,2,34
3rd grade,1,2,16,3,19
3rd grade,1,1,34,7,41
3rd grade,1,1,83,8,NULL
3rd grade,0,3,82,4,40
3rd grade,1,1,4,6,44
3rd grade,0,1,49,1,38
3rd grade,1,2,46,4,50
3rd grade,0,2,83,4,22
3rd grade,0,2,21,6,44
3rd grade,0,3,42,9,61
3rd grade,1,1,84,1,35
3rd grade,1,2,24,8,43
3rd grade,1,3,80,5,42
3rd grade,0,1,11,8,24
3rd grade,1,1,14,2,43
3rd grade,0,1,81,10,41
3rd grade,0,1,78,12,46
3rd grade,0,1,92,10,28
3rd grade,1,1,13,6,31
3rd grade,0,3,90,8,54
3rd grade,0,2,6,9,46
3rd grade,0,3,30,10,56
3rd grade,1,3,70,8,22
3rd grade,1,3,2,8,57
3rd grade,1,2,64,10,NULL
3rd grade,0,3,15,4,56
3rd grade,0,3,59,7,34
3rd grade,1,2,90,10,34
3rd grade,0,1,40,8,61
3rd grade,0,2,98,7,47
3rd grade,1,1,99,7,32
3rd grade,0,1,64,8,34
3rd grade,1,1,48,8,57
3rd grade,1,3,40,6,57
3rd grade,0,3,58,4,58
3rd grade,1,3,2,12,51
3rd grade,0,2,82,4,64
3rd grade,1,1,64,8,27
3rd grade,1,1,47,1,51
3rd grade,0,1,87,10,42
3rd grade,1,1,35,12,NULL
3rd grade,1,3,96,1,55
3rd grade,0,3,14,9,27
3rd grade,1,3,26,2,61
3rd grade,0,1,14,4,42
3rd grade,1,3,70,9,40
3rd grade,1,2,37,7,40
3rd grade,0,3,87,11,44
3rd grade,1,1,70,6,34
3rd grade,0,2,19,10,20
3rd grade,1,3,53,10,59
3rd grade,0,3,40,2,28
3rd grade,0,3,94,4,21
3rd grade,0,2,64,7,61
3rd grade,0,1,51,10,38
3rd grade,1,2,11,10,45
3rd grade,0,1,71,6,23
3rd grade,0,3,10,2,41
3rd grade,0,3,93,7,62
3rd grade,1,1,33,10,62
3rd grade,1,1,40,3,45
3rd grade,0,3,32,12,43
3rd grade,0,2,75,5,41
3rd grade,0,3,14,7,43
3rd grade,1,2,95,7,33
3rd grade,0,3,0,11,31
3rd grade,1,2,70,5,54
3rd grade,0,3,98,11,34
3rd grade,1,2,25,8,44
3rd grade,1,3,11,8,29
3rd grade,1,2,71,11,58
3rd grade,1,1,18,9,45
3rd grade,1,1,53,11,58
3rd grade,0,1,56,5,34
3rd grade,1,2,59,5,53
3rd grade,1,2,99,7,35
3rd grade,0,1,99,8,66
3rd grade,1,3,59,7,44
3rd grade,0,1,25,4,52
3rd grade,0,2,97,11,65
3rd grade,1,3,37,1,58
3rd grade,0,3,99,1,42
3rd grade,1,3,18,11,46
3rd grade,1,1,93,12,35
3rd grade,1,2,21,2,51
3rd grade,0,3,53,1,43
3rd grade,1,2,42,8,59
3rd grade,0,3,48,7,45
3rd grade,0,1,15,10,60
3rd grade,1,3,24,11,37
3rd grade,1,1,30,10,32
3rd grade,1,1,76,6,25
3rd grade,0,1,93,9,64
3rd grade,1,2,92,4,42
3rd grade,1,3,25,4,36
3rd grade,0,1,38,8,37
3rd grade,1,2,27,7,20
3rd grade,1,3,24,5,NULL
3rd grade,0,2,56,3,59
3rd grade,0,1,72,8,40
3rd grade,0,1,15,1,57
3rd grade,0,1,58,12,24
3rd grade,0,1,4,8,39
3rd grade,1,1,93,8,41
3rd grade,0,3,35,6,45
3rd grade,1,2,32,6,60
3rd grade,0,1,93,1,54
3rd grade,0,3,33,7,61
3rd grade,1,1,83,6,31
3rd grade,1,1,70,12,65
3rd grade,1,3,19,9,31
3rd grade,0,2,16,9,18
3rd grade,1,3,44,2,65
3rd grade,0,1,9,7,66
3rd grade,0,1,69,10,42
3rd grade,1,1,64,2,40
3rd grade,0,1,54,10,47
3rd grade,0,1,47,1,41
3rd grade,0,2,1,1,67
3rd grade,1,2,15,8,54
3rd grade,1,1,8,6,29
3rd grade,0,1,13,5,34
3rd grade,0,1,12,7,43
3rd grade,1,1,89,7,36
3rd grade,1,2,34,7,49
3rd grade,0,1,72,8,46
3rd grade,0,1,37,9,42
3rd grade,1,3,13,9,50
3rd grade,1,1,15,10,58
3rd grade,1,1,69,3,20
3rd grade,0,1,5,4,25
3rd grade,1,3,75,11,65
3rd grade,1,1,36,1,56
3rd grade,0,1,15,10,58
3rd grade,0,2,41,3,42
3rd grade,0,1,29,9,46
3rd grade,1,1,82,9,65
3rd grade,0,3,43,10,61
3rd grade,1,1,80,5,41
3rd grade,0,2,33,10,44
3rd grade,0,2,79,12,53
3rd grade,1,3,46,3,47
3rd grade,1,1,0,11,61
3rd grade,1,2,49,11,46
3rd grade,0,1,58,4,26
3rd grade,0,3,18,9,26
3rd grade,0,1,38,5,39
3rd grade,1,1,26,10,46
3rd grade,1,1,96,11,34
3rd grade,1,1,94,9,49
3rd grade,0,3,25,12,53
3rd grade,0,1,84,8,40
3rd grade,1,2,21,8,44
3rd grade,1,3,80,9,40
3rd grade,1,3,98,10,60
3rd grade,1,3,26,5,61
3rd grade,1,1,24,10,55
3rd grade,1,1,16,9,56
3rd grade,1,1,30,9,34
3rd grade,0,3,51,9,39
3rd grade,0,1,81,6,34
3rd grade,1,1,1,8,52
3rd grade,0,1,96,7,47
3rd grade,0,1,18,8,43
3rd grade,0,2,45,4,32
3rd grade,1,1,14,7,NULL
3rd grade,0,2,77,1,42
3rd grade,0,3,19,6,53
3rd grade,0,1,99,4,50
3rd grade,1,1,40,10,28
3rd grade,1,2,26,9,53
3rd grade,1,1,9,7,58
3rd grade,1,1,58,8,34
3rd grade,1,1,10,6,54
3rd grade,0,2,6,2,35
3rd grade,0,1,10,8,52
3rd grade,0,2,15,7,26
3rd grade,1,1,61,8,56
3rd grade,1,3,73,9,38
3rd grade,0,3,42,10,55
3rd grade,0,1,64,4,36
3rd grade,0,3,37,10,19
3rd grade,1,1,41,9,57
3rd grade,0,1,82,7,60
3rd grade,1,3,47,9,56
3rd grade,0,3,58,1,33
3rd grade,1,2,54,5,44
3rd grade,0,3,0,12,56
3rd grade,1,3,69,9,44
3rd grade,1,2,93,7,40
3rd grade,0,2,17,8,40
3rd grade,1,1,3,9,42
3rd grade,1,1,3,9,43
3rd grade,1,2,80,10,34
3rd grade,1,2,11,2,45
3rd grade,0,3,89,9,35
3rd grade,0,3,59,7,27
3rd grade,0,1,43,12,42
3rd grade,0,1,88,9,64
3rd grade,1,3,74,7,20
3rd grade,0,1,50,9,29
3rd grade,0,1,25,10,19
3rd grade,1,1,77,6,27
3rd grade,0,2,76,12,47
3rd grade,1,1,58,8,31
3rd grade,0,1,67,6,43
3rd grade,1,3,13,10,22
3rd grade,1,2,77,1,34
3rd grade,1,3,97,10,43
3rd grade,1,2,86,7,39
3rd grade,0,1,67,7,44
3rd grade,1,2,55,9,36
3rd grade,0,1,0,8,42
3rd grade,1,1,87,10,59
3rd grade,1,3,75,12,31
3rd grade,1,3,11,9,46
3rd grade,0,1,99,8,62
3rd grade,1,2,32,7,36
3rd grade,0,3,15,11,61
3rd grade,0,1,38,11,34
3rd grade,0,3,72,9,43
3rd grade,1,3,27,9,55
3rd grade,0,1,91,8,32
3rd grade,0,1,9,8,56
3rd grade,1,1,62,7,33
3rd grade,1,1,14,10,42
3rd grade,1,1,50,6,56
3rd grade,0,1,36,8,25
3rd grade,0,1,12,7,28
3rd grade,1,1,60,1,62
3rd grade,1,2,96,6,26
3rd grade,0,1,99,8,65
3rd grade,0,1,30,3,44
3rd grade,1,2,57,10,52
3rd grade,1,1,59,11,21
3rd grade,1,1,33,6,45
3rd grade,0,3,70,11,42
3rd grade,1,1,60,5,34
3rd grade,0,2,57,4,47
3rd grade,0,1,86,12,25
3rd grade,1,1,51,6,26
3rd grade,0,1,15,8,32
3rd grade,0,1,34,10,43
3rd grade,0,3,26,10,42
3rd grade,0,1,9,6,39
3rd grade,1,1,27,11,37
3rd grade,1,3,33,11,59
3rd grade,0,2,47,11,26
3rd grade,0,2,40,8,21
3rd grade,1,1,68,1,42
3rd grade,0,1,46,5,59
3rd grade,1,1,45,6,62
3rd grade,0,2,17,8,58
3rd grade,1,1,12,9,32
3rd grade,1,2,64,11,61
3rd grade,1,1,47,4,28
3rd grade,1,3,67,10,41
3rd grade,0,2,37,7,25
3rd grade,1,1,43,8,55
3rd grade,1,3,47,2,41
3rd grade,1,3,3,2,49
3rd grade,0,1,39,9,43
3rd grade,0,1,48,10,43
3rd grade,1,3,32,9,60
3rd grade,1,2,5,9,35
3rd grade,1,1,87,5,41
3rd grade,1,1,79,4,33
3rd grade,1,3,80,5,22
3rd grade,0,3,52,10,40
3rd grade,0,2,81,6,63
3rd grade,1,3,40,9,54
3rd grade,0,1,42,9,NULL
3rd grade,1,1,97,9,47
3rd grade,1,2,5,4,47
3rd grade,1,1,1,1,40
3rd grade,1,1,12,8,31
3rd grade,0,1,0,8,24
3rd grade,1,3,29,1,23
3rd grade,1,3,74,11,42
3rd grade,1,1,10,11,60
3rd grade,0,3,68,7,34
3rd grade,1,3,0,10,43
3rd grade,0,2,28,10,46
3rd grade,1,1,44,8,44
3rd grade,1,1,62,9,56
3rd grade,1,1,32,7,34
3rd grade,1,1,19,12,51
3rd grade,0,1,50,5,42
3rd grade,1,1,21,10,34
3rd grade,0,1,71,4,45
3rd grade,0,3,16,9,53
3rd grade,0,1,82,4,26
3rd grade,0,1,23,1,47
3rd grade,1,1,2,9,35
3rd grade,0,3,57,7,26
3rd grade,1,1,22,10,64
3rd grade,0,3,45,11,40
3rd grade,1,3,19,8,49
3rd grade,0,3,5,8,30
3rd grade,1,1,11,4,26
3rd grade,0,3,44,4,43
3rd grade,1,1,48,2,25
3rd grade,0,3,46,10,18
3rd grade,1,1,57,5,23
3rd grade,0,1,24,2,51
3rd grade,0,2,94,3,55
3rd grade,0,2,96,9,44
3rd grade,1,1,12,9,47
3rd grade,1,3,51,8,34
3rd grade,1,1,99,3,51
3rd grade,1,1,7,9,66
3rd grade,1,3,12,10,56
3rd grade,0,1,56,1,62
3rd grade,0,1,95,9,24
3rd grade,0,1,11,1,40
3rd grade,0,1,86,6,61
3rd grade,1,2,25,5,55
3rd grade,1,2,65,8,59
3rd grade,1,2,94,3,56
3rd grade,1,1,89,12,41
3rd grade,1,1,38,9,30
3rd grade,0,3,35,7,32
3rd grade,0,1,48,7,22
3rd grade,1,1,0,8,23
3rd grade,0,1,83,10,54
3rd grade,1,1,4,10,62
3rd grade,0,1,94,10,60
3rd grade,1,3,10,7,45
3rd grade,1,3,74,7,46
3rd grade,1,3,22,7,NULL
3rd grade,1,2,91,4,22
3rd grade,1,1,67,10,18
3rd grade,0,3,36,2,28
3rd grade,0,3,94,7,27
3rd grade,0,3,58,1,27
3rd grade,1,1,64,5,65
3rd grade,1,2,54,7,35
3rd grade,0,1,47,1,22
3rd grade,1,3,6,5,61
3rd grade,1,1,37,7,42
3rd grade,1,3,65,8,40
3rd grade,0,2,40,6,64
3rd grade,0,1,17,7,57
3rd grade,0,3,22,5,43
3rd grade,0,3,67,4,52
3rd grade,0,1,52,9,20
3rd grade,0,1,71,11,53
3rd grade,1,1,69,8,39
3rd grade,1,3,21,9,43
3rd grade,0,3,54,8,43
3rd grade,0,1,53,8,43
3rd grade,1,2,12,6,61
3rd grade,0,3,31,11,34
3rd grade,1,1,96,9,46
3rd grade,1,3,52,6,43
3rd grade,0,1,3,2,33
3rd grade,0,2,22,6,42
3rd grade,1,1,36,6,47
3rd grade,0,1,18,6,45
3rd grade,1,1,27,5,26
3rd grade,1,3,38,11,34
3rd grade,1,1,92,7,29
3rd grade,1,2,11,8,60
3rd grade,1,2,54,4,32
3rd grade,1,3,91,10,50
3rd grade,0,3,58,6,34
3rd grade,0,3,2,6,36
3rd grade,1,1,59,9,46
3rd grade,0,2,94,2,56
3rd grade,0,3,85,8,32
3rd grade,1,2,19,10,33
3rd grade,0,1,74,9,22
3rd grade,1,1,83,9,41
3rd grade,0,3,30,9,65
3rd grade,0,1,23,10,37
3rd grade,0,1,68,4,42
3rd grade,0,1,92,10,43
3rd grade,0,3,89,10,56
3rd grade,0,1,98,9,46
3rd grade,0,3,24,7,46
3rd grade,1,1,55,9,19
3rd grade,1,2,51,8,29
3rd grade,0,1,51,9,61
3rd grade,1,3,42,6,34
3rd grade,0,3,71,9,22
3rd grade,0,2,53,8,56
3rd grade,0,1,25,8,35
3rd grade,1,1,85,10,52
3rd grade,1,2,51,7,41
3rd grade,1,2,37,7,61
3rd grade,0,3,23,3,39
3rd grade,0,2,27,11,58
3rd grade,1,1,92,9,37
3rd grade,0,2,16,7,53
3rd grade,1,2,16,11,25
3rd grade,1,2,48,10,64
3rd grade,1,1,18,11,NULL
3rd grade,0,2,63,11,25
3rd grade,1,3,40,7,38
3rd grade,0,2,66,8,38
3rd grade,1,1,51,9,67
3rd grade,1,1,9,2,61
3rd grade,1,3,27,3,58
3rd grade,1,2,30,11,34
3rd grade,0,3,45,5,62
3rd grade,0,1,28,6,20
3rd grade,1,1,62,2,64
3rd grade,1,1,36,11,42
3rd grade,0,2,7,10,23
3rd grade,1,1,70,8,33
3rd grade,1,1,27,3,40
3rd grade,0,3,2,9,27
3rd grade,0,1,42,10,52
3rd grade,0,2,22,9,22
3rd grade,1,3,12,10,25
3rd grade,0,1,11,7,24
3rd grade,0,1,23,8,35
3rd grade,0,3,63,5,29
3rd grade,1,1,3,10,34
3rd grade,0,1,81,8,33
3rd grade,0,3,10,5,34
3rd grade,1,2,56,9,45
3rd grade,0,1,82,7,61
3rd grade,1,3,26,9,43
3rd grade,1,1,37,4,65
3rd grade,1,3,48,5,39
3rd grade,1,2,47,6,54
3rd grade,0,1,18,3,49
3rd grade,0,3,98,3,60
3rd grade,1,2,8,7,64
3rd grade,1,2,12,4,56
3rd grade,0,1,94,9,33
3rd grade,1,2,48,8,24
3rd grade,0,2,7,8,53
3rd grade,1,2,28,3,61
3rd grade,0,2,28,5,33
3rd grade,1,2,46,2,49
3rd grade,0,1,28,4,25
3rd grade,1,3,20,7,34
3rd grade,1,3,11,10,34
3rd grade,0,1,33,5,23
3rd grade,0,2,13,7,38
3rd grade,0,1,77,1,39
3rd grade,1,2,81,4,63
3rd grade,0,1,81,8,56
3rd grade,0,1,83,8,28
3rd grade,0,1,75,3,32
3rd grade,0,1,73,12,51
3rd grade,1,1,11,3,25
3rd grade,1,1,34,6,23
3rd grade,0,3,44,1,22
3rd grade,0,3,10,5,50
3rd grade,0,3,49,2,NULL
3rd grade,0,1,10,8,65
3rd grade,1,1,42,12,53
3rd grade,1,2,83,8,59
3rd grade,0,1,79,10,53
3rd grade,1,1,54,8,36
3rd grade,1,2,22,10,33
3rd grade,1,2,52,8,46
3rd grade,0,3,60,8,58
3rd grade,1,3,67,10,58
3rd grade,0,1,87,5,40
3rd grade,0,3,7,2,51
3rd grade,1,1,23,11,41
3rd grade,0,2,83,8,NULL
3rd grade,1,2,77,2,35
3rd grade,1,3,54,5,33
3rd grade,0,1,39,8,28
3rd grade,0,1,41,6,45
3rd grade,0,2,88,7,30
3rd grade,1,2,57,4,61
3rd grade,0,1,45,7,60
3rd grade,1,2,9,11,63
3rd grade,0,2,79,10,29
3rd grade,1,1,75,9,62
3rd grade,1,3,75,7,46
3rd grade,0,1,52,9,50
3rd grade,0,1,23,8,31
3rd grade,1,2,3,10,62
3rd grade,0,1,19,8,42
3rd grade,0,1,78,6,36
3rd grade,1,2,55,1,23
3rd grade,1,2,76,12,65
3rd grade,0,1,58,8,19
3rd grade,1,1,60,7,23
3rd grade,0,2,53,4,39
3rd grade,1,3,98,7,21
3rd grade,1,2,6,4,57
3rd grade,1,3,68,8,22
3rd grade,0,3,42,9,43
3rd grade,1,1,76,7,37
3rd grade,1,2,76,10,42
3rd grade,0,1,89,8,43
3rd grade,0,3,32,6,58
3rd grade,1,3,74,2,46
3rd grade,1,2,67,10,60
3rd grade,0,2,11,2,24
3rd grade,1,2,24,7,44
3rd grade,1,1,73,7,32
3rd grade,0,3,67,2,64
3rd grade,1,1,44,11,51
3rd grade,0,3,30,11,30
3rd grade,0,1,42,8,42
3rd grade,1,2,80,5,44
3rd grade,0,1,97,10,30
3rd grade,1,3,41,11,19
3rd grade,0,3,43,12,42
3rd grade,1,1,20,10,22
3rd grade,0,2,65,8,59
3rd grade,0,1,17,11,47
3rd grade,0,3,80,2,24
3rd grade,1,1,92,11,45
3rd grade,0,1,59,8,35
3rd grade,1,1,33,7,55
3rd grade,0,3,70,8,47
3rd grade,1,1,1,6,42
3rd grade,0,1,36,6,46
3rd grade,1,1,93,10,67
3rd grade,1,3,24,10,40
3rd grade,0,1,11,2,30
3rd grade,0,1,97,10,66
3rd grade,0,1,65,12,27
3rd grade,1,1,64,8,55
3rd grade,1,1,47,2,NULL
3rd grade,1,3,50,8,56
3rd grade,0,1,75,1,43
3rd grade,1,1,5,3,65
3rd grade,0,1,61,7,66
3rd grade,0,1,85,8,43
3rd grade,1,2,38,11,20
3rd grade,0,3,65,7,63
3rd grade,1,1,12,11,25
3rd grade,0,3,78,11,66
3rd grade,1,1,12,9,46
3rd grade,0,1,68,9,41
3rd grade,1,1,68,8,35
3rd grade,1,2,84,8,44
3rd grade,1,1,66,4,42
3rd grade,1,3,68,10,42
3rd grade,0,1,87,9,21
3rd grade,0,1,32,9,25
3rd grade,0,1,76,10,36
3rd grade,0,2,91,6,48
3rd grade,1,1,32,9,47
3rd grade,1,2,57,10,54
3rd grade,0,2,33,9,51
3rd grade,1,3,99,10,35
3rd grade,0,2,97,8,42
3rd grade,1,1,63,10,44
3rd grade,0,1,67,8,64
3rd grade,0,2,98,10,29
3rd grade,0,3,90,8,51
3rd grade,0,1,77,4,40
3rd grade,1,1,2,3,27
3rd grade,0,1,98,10,40
3rd grade,1,1,90,7,34
3rd grade,1,3,31,9,28
3rd grade,1,1,69,8,42
3rd grade,0,1,57,9,26
3rd grade,0,2,23,2,56
3rd grade,0,1,39,3,50
3rd grade,0,1,50,9,57
3rd grade,0,3,89,10,57
3rd grade,0,1,69,4,32
3rd grade,1,1,66,4,65
3rd grade,0,3,66,7,29
3rd grade,0,3,13,3,59
3rd grade,0,2,41,1,47
3rd grade,0,3,76,9,19
3rd grade,0,1,22,3,66
3rd grade,1,2,34,4,39
3rd grade,0,1,91,8,43
3rd grade,1,1,33,3,63
3rd grade,1,2,34,11,23
3rd grade,0,1,26,6,46
3rd grade,0,1,4,4,37
3rd grade,0,1,19,3,31
3rd grade,0,2,14,12,43
3rd grade,0,3,98,9,46
3rd grade,0,2,44,8,40
3rd grade,1,1,6,4,44
3rd grade,0,1,69,9,64
3rd grade,0,2,90,10,33
3rd grade,1,3,46,6,20
3rd grade,0,1,33,11,44
3rd grade,1,3,70,4,33
3rd grade,1,3,78,9,41
3rd grade,0,1,11,7,43
3rd grade,1,1,2,7,51
3rd grade,0,3,20,9,35
3rd grade,1,2,87,7,23
3rd grade,1,1,41,8,39
3rd grade,1,1,30,9,39
3rd grade,0,3,93,8,55
3rd grade,1,2,2,4,62
3rd grade,1,2,20,8,NULL
3rd grade,0,2,70,7,44
3rd grade,1,1,63,7,32
3rd grade,0,1,98,7,43
3rd grade,1,1,30,10,41
3rd grade,1,1,95,1,24
3rd grade,1,2,16,1,57
3rd grade,1,3,84,9,46
3rd grade,0,2,0,10,24
3rd grade,0,1,81,7,43
3rd grade,1,2,38,1,41
3rd grade,0,1,75,11,55
3rd grade,0,1,22,9,24
3rd grade,1,3,51,8,52
3rd grade,1,1,25,8,50
3rd grade,0,1,82,9,63
3rd grade,0,1,99,8,43
3rd grade,1,2,69,11,42
3rd grade,0,1,6,8,58
3rd grade,0,1,50,7,34
3rd grade,1,3,24,9,61
3rd grade,1,1,26,7,53
3rd grade,0,3,40,1,38
3rd grade,1,2,59,8,21
3rd grade,0,1,63,3,41
3rd grade,1,1,35,8,46
3rd grade,0,3,76,3,38
3rd grade,1,1,54,9,40
3rd grade,0,2,40,12,43
3rd grade,1,3,45,7,48
3rd grade,1,2,86,8,40
3rd grade,0,1,12,7,22
3rd grade,0,3,20,3,25
3rd grade,0,1,39,4,28
3rd grade,1,2,93,6,48
3rd grade,1,3,20,9,42
3rd grade,0,1,0,9,47
3rd grade,1,3,37,2,52
3rd grade,0,2,66,4,38
3rd grade,0,1,16,8,42
3rd grade,1,2,68,7,53
3rd grade,1,1,51,8,31
3rd grade,1,1,31,8,46
3rd grade,0,3,88,11,41
3rd grade,0,1,78,2,58
3rd grade,0,1,57,11,24
3rd grade,1,3,82,9,40
3rd grade,0,3,8,7,33
3rd grade,0,2,15,1,60
3rd grade,1,1,78,11,54
3rd grade,0,2,57,8,25
3rd grade,0,3,9,8,NULL
3rd grade,1,3,51,8,36
3rd grade,0,2,66,8,51
3rd grade,1,1,80,11,33
3rd grade,0,1,54,1,54
3rd grade,0,1,48,8,27
3rd grade,1,3,2,10,40
3rd grade,0,2,14,5,26
3rd grade,0,2,25,9,30
3rd grade,0,1,79,9,20
3rd grade,0,1,36,9,59
3rd grade,1,1,90,9,NULL
3rd grade,0,2,94,10,58
3rd grade,0,3,52,12,51
3rd grade,0,1,23,8,60
3rd grade,0,2,90,4,34
3rd grade,1,1,27,8,48
3rd grade,1,3,97,4,50
3rd grade,0,2,17,9,25
3rd grade,0,1,38,8,65
3rd grade,0,1,70,8,63
3rd grade,0,1,51,9,35
3rd grade,1,1,75,9,24
3rd grade,0,3,89,10,41
3rd grade,0,2,52,11,50
3rd grade,1,2,84,9,29
3rd grade,1,1,86,10,31
3rd grade,1,1,20,8,22
3rd grade,1,2,80,12,23
3rd grade,1,1,31,5,38
3rd grade,1,2,49,10,28
3rd grade,1,3,61,8,47
3rd grade,1,3,14,10,22
3rd grade,1,1,47,8,61
3rd grade,0,1,43,11,22
3rd grade,1,3,71,7,42
3rd grade,0,2,85,8,37
3rd grade,1,2,44,10,46
3rd grade,0,1,67,7,20
3rd grade,0,1,48,8,60
3rd grade,1,1,91,9,45
3rd grade,0,1,51,5,35
3rd grade,1,1,71,12,56
3rd grade,1,3,41,5,65
3rd grade,1,2,61,6,31
3rd grade,1,3,20,5,42
3rd grade,0,3,99,7,47
3rd grade,0,1,2,6,19
3rd grade,1,1,78,10,19
3rd grade,0,3,35,9,47
3rd grade,1,1,36,11,51
3rd grade,1,3,60,8,33
3rd grade,1,1,39,10,47
3rd grade,1,2,56,12,62
3rd grade,1,1,5,8,57
3rd grade,1,1,98,10,19
3rd grade,0,1,11,9,43
3rd grade,1,2,10,3,43
3rd grade,0,2,41,10,26
3rd grade,1,2,17,6,38
3rd grade,1,1,32,8,32
3rd grade,0,1,50,4,30
3rd grade,1,3,13,1,55
3rd grade,1,1,48,9,56
3rd grade,1,3,91,7,52
3rd grade,1,3,0,11,44
3rd grade,1,1,8,8,43
3rd grade,1,3,81,5,27
3rd grade,1,2,36,8,42
3rd grade,0,1,68,9,43
3rd grade,0,1,38,1,57
3rd grade,0,1,27,3,40
3rd grade,0,3,83,8,44
3rd grade,0,1,35,7,43
3rd grade,1,3,27,5,28
3rd grade,0,1,63,7,47
3rd grade,1,2,14,9,42
3rd grade,1,3,70,10,45
3rd grade,0,2,6,1,66
3rd grade,1,2,23,10,54
3rd grade,1,1,2,11,44
3rd grade,0,3,72,10,22
3rd grade,1,3,72,10,25
3rd grade,1,1,8,9,58
3rd grade,1,3,64,9,35
3rd grade,0,2,26,8,46
3rd grade,0,2,66,8,49
3rd grade,1,2,27,6,40
3rd grade,1,1,63,8,60
3rd grade,0,2,21,4,NULL
3rd grade,1,2,1,6,22
3rd grade,0,1,7,5,59
3rd grade,1,1,95,6,50
3rd grade,1,1,13,7,60
3rd grade,0,2,94,1,28
3rd grade,0,1,39,12,58
3rd grade,1,2,67,10,39
3rd grade,1,2,36,11,55
3rd grade,1,1,36,8,61
3rd grade,0,3,16,10,26
3rd grade,0,3,71,3,43
3rd grade,1,2,45,10,44
3rd grade,0,2,78,12,27
3rd grade,1,2,91,9,47
3rd grade,0,2,56,4,56
3rd grade,0,3,14,1,23
3rd grade,0,1,83,7,62
3rd grade,1,2,63,10,21
3rd grade,1,1,7,8,45
3rd grade,1,2,77,10,40
3rd grade,1,3,20,6,40
3rd grade,1,1,71,9,53
3rd grade,0,1,9,8,48
3rd grade,0,2,76,12,25
3rd grade,1,2,22,7,46
3rd grade,0,1,15,9,44
3rd grade,0,1,32,7,47
3rd grade,1,1,94,9,52
3rd grade,1,3,93,7,25
3rd grade,1,1,97,9,44
3rd grade,0,3,23,3,46
3rd grade,0,3,55,8,48
3rd grade,0,1,37,4,19
3rd grade,0,3,13,7,45
3rd grade,0,1,60,9,42
3rd grade,1,3,44,4,57
3rd grade,0,2,68,5,22
3rd grade,0,1,39,4,30
3rd grade,0,1,54,9,44
3rd grade,1,3,79,7,40
3rd grade,1,3,20,9,65
3rd grade,0,3,96,5,42
3rd grade,0,2,60,4,43
3rd grade,0,1,1,4,46
3rd grade,0,1,9,9,26
3rd grade,1,1,48,2,26
3rd grade,1,2,40,7,47
3rd grade,1,1,87,2,41
3rd grade,0,3,49,10,64
3rd grade,0,3,7,10,66
3rd grade,1,3,74,9,55
3rd grade,0,1,12,7,43
3rd grade,1,1,86,8,42
3rd grade,1,3,80,3,34
3rd grade,0,1,86,11,58
3rd grade,0,1,68,8,61
3rd grade,0,2,60,7,48
3rd grade,0,3,62,12,66
3rd grade,1,1,17,9,61
3rd grade,0,2,65,8,35
3rd grade,0,2,58,7,26
3rd grade,1,1,64,8,49
3rd grade,0,1,90,1,43
3rd grade,1,1,23,9,23
3rd grade,0,1,86,7,43
3rd grade,1,3,69,9,49
3rd grade,1,1,62,10,20
3rd grade,1,1,1,10,42
3rd grade,0,1,38,10,52
3rd grade,1,1,71,12,43
3rd grade,1,1,54,6,64
3rd grade,1,1,97,8,41
3rd grade,1,3,53,10,39
3rd grade,1,3,54,11,45
3rd grade,0,1,13,6,NULL
3rd grade,1,3,62,3,42
3rd grade,0,2,17,9,64
3rd grade,0,1,69,7,59
3rd grade,1,1,11,9,29
3rd grade,1,1,71,8,52
3rd grade,0,1,34,8,57
3rd grade,1,1,61,8,42
3rd grade,0,1,20,5,29
3rd grade,1,1,90,11,51
3rd grade,1,3,22,10,54
3rd grade,1,3,89,4,37
3rd grade,0,1,24,7,47
3rd grade,1,3,26,9,40
3rd grade,0,1,20,6,24
3rd grade,1,1,60,4,21
3rd grade,0,1,69,2,24
3rd grade,1,1,34,10,43
3rd grade,0,2,35,9,46
3rd grade,1,3,24,1,21
3rd grade,1,2,18,11,59
3rd grade,1,1,73,11,35
3rd grade,1,2,80,10,26
3rd grade,1,2,24,10,NULL
3rd grade,1,2,87,10,31
3rd grade,1,1,81,9,51
3rd grade,1,2,24,10,25
3rd grade,0,3,24,9,44
3rd grade,0,2,17,9,65
3rd grade,0,3,60,9,20
3rd grade,0,1,3,12,43
3rd grade,0,1,39,10,63
3rd grade,0,2,85,10,40
3rd grade,1,1,54,8,59
3rd grade,1,2,68,4,52
3rd grade,0,2,23,8,20
3rd grade,1,1,75,6,47
3rd grade,0,1,62,10,39
3rd grade,0,3,26,9,43
3rd grade,0,1,9,3,54
3rd grade,1,2,8,11,63
3rd grade,0,2,44,1,53
3rd grade,0,3,21,8,32
3rd grade,0,1,5,11,56
3rd grade,1,3,50,10,56
3rd grade,1,1,43,8,21
3rd grade,1,2,80,7,53
3rd grade,0,2,36,10,29
3rd grade,0,2,4,5,46
3rd grade,1,2,29,9,36
3rd grade,1,1,91,8,26
3rd grade,0,3,96,10,42
3rd grade,1,1,93,10,27
3rd grade,1,1,12,1,65
3rd grade,0,1,48,4,56
3rd grade,1,3,0,10,53
3rd grade,0,2,19,10,57
3rd grade,1,2,36,10,51
3rd grade,1,1,53,9,34
3rd grade,1,1,50,6,50
3rd grade,1,2,19,8,33
3rd grade,0,2,83,5,21
3rd grade,0,1,97,10,55
3rd grade,0,3,91,8,40
3rd grade,0,1,76,10,52
3rd grade,1,1,39,7,37
3rd grade,1,2,38,9,76
3rd grade,0,2,34,10,26
3rd grade,1,2,20,6,46
3rd grade,1,1,13,7,47
3rd grade,0,1,76,8,27
3rd grade,0,3,83,10,45
3rd grade,0,2,51,9,64
3rd grade,0,3,22,7,28
3rd grade,1,1,34,7,38
3rd grade,1,1,72,10,28
3rd grade,0,1,35,10,22
3rd grade,0,3,65,12,42
3rd grade,1,3,37,8,27
3rd grade,0,3,5,10,28
3rd grade,1,3,59,12,33
3rd grade,1,1,48,5,46
3rd grade,0,1,27,6,41
3rd grade,1,2,6,10,32
3rd grade,0,1,82,6,61
3rd grade,1,3,0,3,28
3rd grade,1,1,40,8,67
3rd grade,1,2,62,7,41
3rd grade,0,1,16,5,63
3rd grade,1,1,50,10,48
3rd grade,1,3,96,6,60
3rd grade,0,3,37,10,NULL
3rd grade,1,2,78,8,46
3rd grade,1,1,22,3,23
3rd grade,0,1,7,2,54
3rd grade,0,2,17,9,28
3rd grade,1,2,39,3,41
3rd grade,0,2,18,6,48
3rd grade,1,2,7,12,45
3rd grade,0,3,4,8,26
3rd grade,0,3,84,8,43
3rd grade,0,3,13,1,30
3rd grade,1,1,51,9,45
3rd grade,1,1,13,7,56
3rd grade,0,1,99,9,22
3rd grade,1,3,16,4,56
3rd grade,1,2,51,10,53
3rd grade,1,3,28,10,45
3rd grade,0,2,40,8,48
3rd grade,1,1,0,12,55
3rd grade,0,2,92,7,58
3rd grade,1,1,7,11,47
3rd grade,1,1,21,8,39
3rd grade,1,1,27,9,50
3rd grade,1,3,41,12,54
3rd grade,0,3,21,8,58
3rd grade,0,2,3,2,47
3rd grade,0,1,69,12,48
3rd grade,1,2,73,8,21
3rd grade,0,2,18,9,35
3rd grade,0,2,66,7,27
3rd grade,0,1,74,10,64
3rd grade,0,1,4,8,35
3rd grade,0,2,83,9,45
3rd grade,0,1,15,7,61
3rd grade,0,1,47,12,45
3rd grade,1,3,45,5,65
3rd grade,0,1,51,7,46
3rd grade,1,2,65,10,62
3rd grade,1,1,77,11,24
3rd grade,1,3,34,8,48
3rd grade,0,2,12,10,35
3rd grade,1,3,54,9,54
3rd grade,1,3,98,9,60
3rd grade,1,3,34,7,20
3rd grade,0,2,58,8,39
3rd grade,1,1,51,6,26
3rd grade,0,3,8,10,61
3rd grade,1,1,58,3,23
3rd grade,1,1,53,4,25
3rd grade,1,1,83,7,51
3rd grade,0,2,63,10,43
3rd grade,0,1,82,9,63
3rd grade,1,1,1,10,26
3rd grade,0,3,23,1,41
3rd grade,0,1,1,7,46
3rd grade,1,1,96,1,43
3rd grade,0,2,11,9,39
3rd grade,1,3,48,10,25
3rd grade,1,1,55,10,42
3rd grade,0,3,39,10,62
3rd grade,0,2,48,8,40
3rd grade,1,3,62,3,24
3rd grade,1,1,62,8,31
3rd grade,1,2,92,8,46
3rd grade,1,1,79,10,32
3rd grade,0,1,46,6,43
3rd grade,0,3,82,5,40
3rd grade,1,2,44,12,41
3rd grade,0,2,73,11,25
3rd grade,1,2,88,11,59
3rd grade,0,3,12,7,33
3rd grade,1,3,49,4,NULL
3rd grade,1,1,19,6,63
3rd grade,0,1,89,9,51
3rd grade,1,2,60,3,41
3rd grade,1,2,67,7,54
3rd grade,0,3,0,12,37
3rd grade,0,3,1,9,28
3rd grade,0,3,53,8,44
3rd grade,0,2,0,4,20
3rd grade,0,2,2,12,53
3rd grade,0,2,33,5,32
3rd grade,1,3,85,10,47
3rd grade,1,3,82,8,37
3rd grade,0,1,66,9,29
3rd grade,0,1,76,8,NULL
3rd grade,1,1,59,8,43
3rd grade,0,2,86,6,46
3rd grade,0,1,0,11,39
3rd grade,1,2,40,11,27
3rd grade,1,3,65,7,61
3rd grade,0,1,29,9,44
3rd grade,1,2,49,8,21
3rd grade,1,2,47,8,67
3rd grade,0,2,6,7,37
3rd grade,1,2,15,9,66
3rd grade,0,1,0,8,33
3rd grade,0,3,10,7,25
3rd grade,1,3,67,3,53
3rd grade,1,1,5,10,45
3rd grade,1,2,70,10,57
3rd grade,1,2,49,11,60
3rd grade,0,3,70,8,65
3rd grade,0,3,37,7,23
3rd grade,0,1,53,8,39
3rd grade,0,2,79,2,66
3rd grade,0,2,35,9,42
3rd grade,0,1,88,9,33
3rd grade,0,2,2,11,47
3rd grade,1,1,67,8,28
3rd grade,0,3,98,11,40
3rd grade,0,3,27,1,24
3rd grade,1,1,63,12,55
3rd grade,1,3,39,9,35
3rd grade,1,2,2,5,42
3rd grade,0,3,24,5,48
3rd grade,0,1,91,7,39
3rd grade,0,1,30,7,56
3rd grade,1,1,6,10,58
3rd grade,0,1,30,3,58
3rd grade,0,1,80,9,42
3rd grade,0,1,25,6,43
3rd grade,1,1,66,8,47
3rd grade,0,1,63,8,30
3rd grade,0,2,21,12,34
3rd grade,1,3,83,8,45
3rd grade,0,1,14,9,64
3rd grade,1,1,96,9,42
3rd grade,0,3,13,5,25
3rd grade,1,2,96,8,25
3rd grade,1,1,2,6,22
3rd grade,1,1,36,10,46
3rd grade,0,1,50,9,52
3rd grade,0,3,68,9,42
3rd grade,1,3,20,9,49
3rd grade,1,1,88,5,34
3rd grade,0,1,66,8,52
3rd grade,1,1,86,8,21
3rd grade,0,1,34,9,42
3rd grade,1,1,11,11,61
3rd grade,0,2,29,6,26
3rd grade,1,2,56,4,43
3rd grade,1,3,3,6,50
3rd grade,0,1,20,4,66
3rd grade,1,2,33,8,25
3rd grade,1,2,29,7,53
3rd grade,0,2,78,11,18
3rd grade,1,2,89,11,22
3rd grade,0,1,23,8,46
3rd grade,1,3,16,9,63
3rd grade,0,3,29,8,42
3rd grade,1,3,51,7,38
3rd grade,0,3,45,10,40
3rd grade,0,1,69,9,44
3rd grade,1,2,80,10,31
3rd grade,1,2,64,3,46
3rd grade,0,1,61,11,29
3rd grade,0,3,6,10,42
3rd grade,1,3,75,11,31
3rd grade,0,1,93,1,41
3rd grade,0,3,10,3,45
3rd grade,1,2,19,8,60
3rd grade,1,3,7,3,42
3rd grade,0,1,87,8,29
3rd grade,1,2,46,9,53
3rd grade,1,3,81,7,30
3rd grade,1,3,59,3,27
3rd grade,1,2,97,12,47
3rd grade,1,2,51,9,34
3rd grade,1,1,56,7,44
3rd grade,0,1,94,8,27
3rd grade,0,2,2,7,28
3rd grade,1,1,14,4,23
3rd grade,0,2,90,9,32
3rd grade,1,1,91,8,40
3rd grade,0,2,67,12,44
3rd grade,1,1,78,6,31
3rd grade,1,1,48,10,25
3rd grade,1,3,49,12,42
3rd grade,1,1,97,12,30
3rd grade,0,1,33,12,62
3rd grade,1,3,49,8,43
3rd grade,1,2,81,7,55
3rd grade,0,1,31,1,41
3rd grade,0,3,79,6,57
3rd grade,0,2,57,9,31
3rd grade,1,1,42,8,47
3rd grade,1,2,18,9,31
3rd grade,1,1,64,4,23
3rd grade,0,3,68,3,61
3rd grade,0,3,53,10,NULL
3rd grade,0,3,67,5,36
3rd grade,0,2,80,11,57
3rd grade,0,3,63,11,41
3rd grade,1,1,73,1,26
3rd grade,0,2,28,9,52
3rd grade,1,1,49,9,47
3rd grade,1,2,99,8,42
3rd grade,0,1,99,6,42
3rd grade,0,3,13,9,60
3rd grade,1,1,38,5,28
3rd grade,1,3,52,8,63
3rd grade,1,1,83,12,20
3rd grade,1,3,33,7,46
3rd grade,1,1,41,10,24
3rd grade,0,3,73,1,47
3rd grade,0,1,89,8,21
3rd grade,0,3,23,7,43
3rd grade,0,2,36,8,65
3rd grade,0,1,87,11,47
3rd grade,1,2,17,12,45
3rd grade,0,2,45,9,27
3rd grade,1,2,16,8,60
3rd grade,1,3,97,8,67
3rd grade,1,1,80,10,30
3rd grade,0,1,81,7,60
3rd grade,0,2,35,9,47
3rd grade,0,1,70,9,42
3rd grade,1,1,48,4,38
3rd grade,1,2,85,6,54
3rd grade,1,1,44,9,49
3rd grade,1,2,97,10,38
3rd grade,1,1,90,10,35
3rd grade,0,2,48,8,45
3rd grade,0,3,12,8,44
3rd grade,1,1,56,11,39
3rd grade,1,3,52,8,27
3rd grade,0,1,95,4,47
3rd grade,0,3,29,6,47
3rd grade,1,2,14,11,36
3rd grade,0,2,89,7,66
3rd grade,1,1,78,11,62
3rd grade,0,1,59,7,40
3rd grade,0,2,80,3,18
3rd grade,0,3,82,2,51
3rd grade,1,1,69,7,44
3rd grade,0,3,81,10,NULL
3rd grade,0,2,95,10,61
3rd grade,0,2,62,10,34
3rd grade,1,3,38,9,34
3rd grade,1,2,53,10,42
3rd grade,0,2,36,10,27
3rd grade,1,3,90,10,53
3rd grade,0,1,30,10,29
3rd grade,0,1,30,10,62
3rd grade,1,3,52,4,62
3rd grade,1,2,71,6,46
3rd grade,0,3,62,9,44
3rd grade,0,1,62,1,57
3rd grade,0,1,51,8,47
3rd grade,0,2,7,6,63
3rd grade,1,1,16,8,45
3rd grade,1,1,68,12,25
3rd grade,0,3,26,1,53
3rd grade,1,1,84,9,42
3rd grade,0,3,29,5,46
3rd grade,0,1,39,9,56
3rd grade,1,1,98,7,45
3rd grade,1,1,95,8,42
3rd grade,0,1,35,10,61
3rd grade,1,3,83,7,25
3rd grade,1,3,22,10,43
3rd grade,0,2,90,10,27
3rd grade,1,3,91,9,51
3rd grade,1,1,2,7,49
3rd grade,0,1,95,11,64
3rd grade,0,1,97,7,34
3rd grade,1,3,33,4,21
3rd grade,0,1,80,10,62
3rd grade,1,1,65,12,42
3rd grade,1,2,77,10,63
3rd grade,1,1,27,2,44
3rd grade,1,3,11,7,43
3rd grade,0,1,72,6,52
3rd grade,0,1,8,5,55
3rd grade,1,3,51,10,30
3rd grade,0,3,29,1,60
3rd grade,1,1,55,9,42
3rd grade,1,1,63,10,63
3rd grade,0,3,37,1,56
3rd grade,0,1,94,10,61
3rd grade,1,1,48,12,26
3rd grade,1,1,19,7,55
3rd grade,0,1,84,9,53
3rd grade,0,3,65,11,28
3rd grade,1,3,51,6,48
3rd grade,0,2,89,8,67
3rd grade,0,1,87,9,55
3rd grade,1,2,75,7,61
3rd grade,0,3,71,8,47
3rd grade,1,1,81,10,40
3rd grade,0,1,33,11,52
3rd grade,0,3,39,10,32
3rd grade,1,1,32,9,51
3rd grade,1,1,20,4,29
3rd grade,1,3,34,6,46
3rd grade,1,1,84,10,51
3rd grade,1,2,97,11,34
3rd grade,1,3,52,4,26
3rd grade,1,1,16,7,41
3rd grade,1,1,46,10,47
3rd grade,0,2,39,7,42
3rd grade,1,1,18,5,64
3rd grade,0,2,6,1,19
3rd grade,1,1,12,9,22
3rd grade,1,1,77,2,27
3rd grade,1,1,18,7,NULL
3rd grade,1,1,53,7,46
3rd grade,0,3,86,9,40
3rd grade,0,3,17,11,47
3rd grade,0,2,46,8,44
3rd grade,0,3,67,8,41
3rd grade,0,3,4,1,NULL
3rd grade,0,1,93,7,29
3rd grade,0,3,30,4,40
3rd grade,0,2,67,10,62
3rd grade,1,1,47,10,63
3rd grade,0,1,67,4,64
3rd grade,1,1,69,1,30
3rd grade,0,1,33,11,64
3rd grade,0,1,83,7,64
3rd grade,0,1,92,2,31
3rd grade,1,1,88,8,47
3rd grade,0,2,10,9,35
3rd grade,1,3,19,5,64
3rd grade,0,1,83,9,54
3rd grade,1,1,73,5,43
3rd grade,1,1,58,9,55
3rd grade,1,1,66,9,28
3rd grade,0,1,34,10,34
3rd grade,1,1,83,7,45
3rd grade,1,1,59,9,38
3rd grade,1,2,16,12,29
3rd grade,0,2,2,7,53
3rd grade,0,3,15,12,56
3rd grade,1,2,47,7,45
3rd grade,1,1,36,6,50
3rd grade,1,3,40,1,49
3rd grade,1,2,92,7,42
3rd grade,1,2,3,9,34
3rd grade,1,1,14,8,30
3rd grade,0,1,17,7,29
3rd grade,0,1,59,7,66
3rd grade,1,2,91,10,36
3rd grade,0,1,74,9,38
3rd grade,1,3,53,9,55
3rd grade,0,1,95,12,30
3rd grade,1,2,20,9,36
3rd grade,0,2,36,11,45
3rd grade,1,3,6,7,21
3rd grade,1,3,88,11,46
3rd grade,1,2,45,7,44
3rd grade,0,1,32,9,20
3rd grade,0,1,46,7,46
3rd grade,0,1,48,12,34
3rd grade,1,1,38,11,42
3rd grade,0,2,93,10,42
3rd grade,1,1,82,3,34
3rd grade,0,1,77,7,47
3rd grade,1,1,72,7,44
3rd grade,1,1,37,7,56
3rd grade,1,1,81,5,39
3rd grade,1,1,77,7,41
3rd grade,0,2,91,8,57
3rd grade,1,3,79,7,30
3rd grade,0,1,60,8,61
3rd grade,1,1,20,11,29
3rd grade,0,1,58,3,43
3rd grade,1,3,17,9,63
3rd grade,1,1,31,3,33
3rd grade,1,3,66,12,42
3rd grade,0,3,7,9,37
3rd grade,1,1,9,10,24
3rd grade,1,2,15,7,61
3rd grade,0,1,7,8,65
3rd grade,1,3,67,11,66
3rd grade,0,1,45,9,19
3rd grade,1,3,84,9,62
3rd grade,0,1,74,7,43
3rd grade,0,3,59,6,21
3rd grade,0,1,77,11,47
3rd grade,1,3,11,1,42
3rd grade,0,1,81,9,24
3rd grade,1,1,76,11,42
3rd grade,1,2,27,9,23
3rd grade,1,1,96,8,36
3rd grade,1,1,41,7,25
3rd grade,1,1,35,9,61
3rd grade,0,2,60,9,66
3rd grade,0,3,20,10,48
3rd grade,0,1,38,10,42
3rd grade,0,1,59,8,39
3rd grade,1,2,71,2,21
3rd grade,0,1,22,10,39
3rd grade,0,1,88,3,50
3rd grade,0,3,65,3,41
3rd grade,1,3,70,6,37
3rd grade,0,1,75,10,63
3rd grade,1,2,0,5,52
3rd grade,1,2,97,9,45
3rd grade,0,3,16,7,43
3rd grade,0,1,14,8,61
3rd grade,1,2,27,11,49
3rd grade,0,1,30,7,31
3rd grade,1,1,65,7,46
3rd grade,1,3,44,9,32
3rd grade,1,3,21,2,41
3rd grade,0,3,48,10,56
3rd grade,1,2,81,11,47
3rd grade,1,3,87,9,46
3rd grade,1,3,97,10,43
3rd grade,0,2,33,7,40
3rd grade,1,1,82,10,54
3rd grade,0,2,72,6,37
3rd grade,1,2,76,8,61
3rd grade,1,2,45,8,46
3rd grade,1,1,1,5,41
3rd grade,1,1,78,8,61
3rd grade,1,3,35,7,21
3rd grade,1,1,32,11,62
3rd grade,1,3,60,3,63
3rd grade,1,1,22,10,66
3rd grade,0,3,4,9,31
3rd grade,0,1,78,6,53
3rd grade,0,1,94,7,22
3rd grade,1,1,78,11,44
3rd grade,1,1,23,12,66
3rd grade,1,3,38,8,42
3rd grade,1,1,6,9,51
3rd grade,1,3,6,11,23
3rd grade,1,1,81,9,47
3rd grade,1,3,79,5,58
3rd grade,0,3,33,9,51
3rd grade,1,3,10,10,25
3rd grade,0,2,9,2,26
3rd grade,0,3,97,8,46
3rd grade,1,1,28,8,43
3rd grade,1,1,57,6,NULL
3rd grade,1,1,5,10,32
3rd grade,1,1,73,7,24
3rd grade,1,1,44,5,54
3rd grade,0,2,91,8,42
3rd grade,0,1,23,4,43
3rd grade,1,1,41,3,35
3rd grade,1,1,18,4,49
3rd grade,1,3,60,9,66
3rd grade,0,2,81,12,43
3rd grade,0,2,35,7,20
3rd grade,1,2,13,10,50
3rd grade,1,1,20,10,40
3rd grade,1,1,66,9,42
3rd grade,1,2,36,1,53
3rd grade,1,2,62,10,43
3rd grade,0,3,8,6,34
3rd grade,0,1,58,6,59
3rd grade,1,3,53,8,57
3rd grade,0,2,89,9,44
3rd grade,0,1,44,12,34
3rd grade,1,1,84,5,42
3rd grade,1,2,42,8,65
3rd grade,1,1,64,7,40
3rd grade,0,1,96,11,53
3rd grade,0,2,36,10,46
3rd grade,0,1,64,10,46
3rd grade,1,1,35,7,45
3rd grade,0,1,7,9,24
3rd grade,1,2,39,8,43
3rd grade,0,3,92,6,44
3rd grade,1,2,12,10,49
3rd grade,1,1,94,2,40
3rd grade,1,1,99,9,34
3rd grade,1,1,29,7,34
3rd grade,1,1,72,9,20
3rd grade,0,1,82,7,29
3rd grade,0,3,6,1,25
3rd grade,1,1,69,8,64
3rd grade,1,2,7,7,62
3rd grade,1,1,88,11,34
3rd grade,1,2,31,10,40
3rd grade,0,2,57,3,47
3rd grade,0,3,18,1,61
3rd grade,1,2,29,1,23
3rd grade,1,3,50,8,41
3rd grade,0,1,16,5,58
3rd grade,0,2,37,4,65
3rd grade,1,2,42,5,22
3rd grade,0,1,80,5,32
3rd grade,1,1,54,9,47
3rd grade,0,1,67,9,39
3rd grade,1,2,28,9,41
3rd grade,0,3,35,12,26
3rd grade,1,2,0,2,34
3rd grade,0,1,41,9,42
3rd grade,1,2,57,9,58
3rd grade,0,3,34,11,48
3rd grade,1,1,14,1,48
3rd grade,0,1,93,4,49
3rd grade,1,1,6,9,56
3rd grade,0,1,88,5,42
3rd grade,0,1,72,4,47
3rd grade,1,1,18,9,62
3rd grade,0,1,72,9,66
3rd grade,1,2,67,2,52
3rd grade,0,1,58,5,47
3rd grade,0,1,65,4,52
3rd grade,0,3,68,8,64
3rd grade,0,1,8,6,19
4th grade,1,3,21,12,39
4th grade,0,1,99,8,33
4th grade,1,1,80,2,31
4th grade,1,1,55,8,40
4th grade,0,2,0,9,65
4th grade,0,1,85,7,44
4th grade,1,1,25,8,54
4th grade,1,1,54,3,47
4th grade,0,1,92,6,26
4th grade,0,1,53,3,44
4th grade,0,1,15,9,31
4th grade,0,3,70,9,46
4th grade,1,1,33,2,42
4th grade,1,1,80,8,NULL
4th grade,0,3,69,8,64
4th grade,0,1,5,12,39
4th grade,1,1,23,8,66
4th grade,1,1,12,5,42
4th grade,0,3,27,3,49
4th grade,0,1,79,7,41
4th grade,1,2,71,7,45
4th grade,0,3,2,7,32
4th grade,0,2,66,10,26
4th grade,0,3,49,7,29
4th grade,0,3,61,9,57
4th grade,1,2,45,7,45
4th grade,0,1,1,10,33
4th grade,0,1,96,8,42
4th grade,1,1,73,12,52
4th grade,0,1,81,2,24
4th grade,1,3,27,8,31
4th grade,1,2,90,10,28
4th grade,0,3,48,7,62
4th grade,0,1,25,7,64
4th grade,0,3,38,5,26
4th grade,0,3,6,4,41
4th grade,1,3,21,10,34
4th grade,0,2,28,4,43
4th grade,0,3,86,8,61
4th grade,1,1,1,5,46
4th grade,0,1,19,10,64
4th grade,1,1,5,10,22
4th grade,1,1,25,5,46
4th grade,1,1,5,8,33
4th grade,0,3,4,2,47
4th grade,0,1,31,9,60
4th grade,0,1,85,10,42
4th grade,1,2,9,4,47
4th grade,0,1,94,7,33
4th grade,1,1,40,8,54
4th grade,0,1,68,1,42
4th grade,1,3,17,10,20
4th grade,0,1,32,11,42
4th grade,0,3,36,5,NULL
4th grade,0,2,19,9,19
4th grade,1,3,95,7,67
4th grade,0,1,63,1,36
4th grade,0,3,4,8,53
4th grade,1,1,30,10,41
4th grade,0,1,6,6,29
4th grade,0,2,79,7,34
4th grade,1,1,48,6,56
4th grade,0,3,43,8,54
4th grade,0,1,15,8,62
4th grade,1,3,86,8,44
4th grade,0,2,83,10,23
4th grade,0,1,72,12,60
4th grade,1,1,41,5,50
4th grade,1,1,9,10,29
4th grade,1,1,34,9,61
4th grade,0,2,16,8,50
4th grade,0,3,35,10,24
4th grade,1,2,70,3,55
4th grade,1,2,12,9,43
4th grade,1,3,49,9,31
4th grade,0,1,96,9,26
4th grade,1,2,10,8,45
4th grade,1,1,34,6,26
4th grade,0,1,34,12,66
4th grade,0,1,22,11,19
4th grade,1,1,22,9,56
4th grade,1,1,11,9,32
4th grade,0,1,66,12,46
4th grade,0,2,2,8,27
4th grade,0,2,4,4,47
4th grade,1,1,34,6,40
4th grade,0,1,31,10,43
4th grade,1,3,87,8,46
4th grade,1,3,37,6,25
4th grade,0,1,46,10,33
4th grade,1,3,31,7,NULL
4th grade,1,1,58,9,54
4th grade,0,1,23,9,45
4th grade,1,1,83,5,46
4th grade,1,3,10,10,NULL
4th grade,0,1,1,4,31
4th grade,0,3,44,1,40
4th grade,1,1,40,1,43
4th grade,1,1,18,10,42
4th grade,1,1,65,9,44
4th grade,1,1,95,8,45
4th grade,1,1,70,9,21
4th grade,1,2,28,9,49
4th grade,1,1,65,8,46
4th grade,1,3,25,10,45
4th grade,0,1,9,7,NULL
4th grade,0,2,36,8,42
4th grade,1,2,23,9,34
4th grade,0,1,56,8,42
4th grade,0,1,95,9,22
4th grade,1,1,40,8,60
4th grade,0,3,4,9,43
4th grade,1,1,1,5,67
4th grade,1,3,4,3,37
4th grade,1,3,72,3,53
4th grade,1,1,53,8,54
4th grade,0,1,20,11,47
4th grade,1,1,42,11,23
4th grade,0,1,47,12,48
4th grade,0,2,53,9,35
4th grade,0,1,6,7,66
4th grade,0,1,97,5,45
4th grade,1,1,81,8,22
4th grade,1,1,1,8,45
4th grade,1,1,56,10,42
4th grade,1,3,39,10,32
4th grade,0,2,55,12,57
4th grade,0,3,66,9,40
4th grade,0,1,80,9,19
4th grade,0,1,22,10,56
4th grade,0,3,36,12,46
4th grade,0,1,53,9,59
4th grade,1,1,80,9,49
4th grade,1,3,23,9,54
4th grade,0,3,30,10,54
4th grade,0,1,31,3,26
4th grade,0,2,29,7,19
4th grade,1,3,40,9,43
4th grade,0,3,71,7,35
4th grade,0,1,82,10,40
4th grade,1,3,35,9,43
4th grade,0,1,13,8,64
4th grade,1,3,25,5,20
4th grade,0,1,82,9,36
4th grade,0,2,78,10,56
4th grade,1,1,69,8,23
4th grade,1,3,16,9,49
4th grade,1,3,19,4,57
4th grade,1,1,97,12,53
4th grade,0,3,71,6,47
4th grade,1,1,50,9,42
4th grade,0,1,97,10,48
4th grade,1,1,9,7,42
4th grade,0,2,21,4,19
4th grade,1,2,40,2,48
4th grade,0,1,53,5,51
4th grade,0,2,87,9,40
4th grade,0,2,71,10,53
4th grade,1,3,65,7,47
4th grade,1,3,49,8,46
4th grade,0,1,32,7,23
4th grade,1,1,97,9,34
4th grade,1,2,47,8,56
4th grade,0,2,59,4,32
4th grade,0,1,96,7,44
4th grade,1,3,77,9,39
4th grade,1,1,0,8,NULL
4th grade,0,1,30,10,61
4th grade,0,1,4,12,34
4th grade,0,3,15,7,49
4th grade,0,3,78,8,45
4th grade,1,1,33,10,30
4th grade,0,3,94,2,27
4th grade,0,2,33,8,54
4th grade,1,2,11,4,43
4th grade,1,1,29,4,66
4th grade,1,2,45,6,48
4th grade,1,1,99,11,46
4th grade,1,1,16,2,49
4th grade,1,1,94,9,55
4th grade,1,1,60,6,40
4th grade,1,2,93,7,42
4th grade,0,1,55,3,44
4th grade,0,1,67,7,53
4th grade,1,3,11,10,57
4th grade,0,1,2,10,46
4th grade,0,1,74,8,46
4th grade,0,1,54,6,38
4th grade,0,3,10,3,44
4th grade,0,3,2,8,41
4th grade,0,3,96,7,21
4th grade,0,3,57,7,25
4th grade,1,2,25,8,35
4th grade,1,1,68,8,23
4th grade,0,2,69,10,31
4th grade,0,1,44,9,21
4th grade,1,2,99,7,31
4th grade,1,2,20,5,47
4th grade,1,2,46,7,54
4th grade,0,1,84,7,45
4th grade,0,2,10,7,56
4th grade,0,1,93,10,80
4th grade,1,3,16,7,45
4th grade,0,1,91,9,20
4th grade,0,1,67,8,22
4th grade,0,2,72,3,32
4th grade,1,3,11,8,39
4th grade,0,3,40,3,64
4th grade,0,2,94,10,47
4th grade,0,1,49,11,51
4th grade,1,1,49,11,30
4th grade,1,2,11,8,27
4th grade,0,3,9,8,45
4th grade,1,1,57,7,41
4th grade,1,3,2,8,42
4th grade,0,1,93,1,60
4th grade,0,2,24,4,57
4th grade,1,1,61,5,41
4th grade,1,1,93,1,65
4th grade,0,1,37,11,34
4th grade,1,1,92,9,25
4th grade,0,3,36,4,25
4th grade,0,1,61,8,28
4th grade,1,3,27,7,32
4th grade,1,1,81,8,30
4th grade,0,3,29,4,50
4th grade,0,3,22,9,32
4th grade,0,2,14,11,55
4th grade,0,3,60,5,33
4th grade,1,1,39,5,32
4th grade,1,3,73,8,40
4th grade,0,3,96,3,58
4th grade,0,3,53,9,45
4th grade,1,1,54,5,34
4th grade,1,1,29,10,30
4th grade,0,1,25,8,42
4th grade,1,1,33,9,65
4th grade,1,1,55,7,66
4th grade,0,3,35,11,39
4th grade,1,1,28,10,33
4th grade,1,2,64,9,44
4th grade,0,1,32,4,45
4th grade,1,3,46,6,47
4th grade,1,1,8,7,65
4th grade,1,1,68,5,35
4th grade,0,1,79,5,31
4th grade,1,1,3,10,51
4th grade,1,2,77,12,56
4th grade,0,1,22,8,26
4th grade,1,1,27,11,43
4th grade,1,2,31,10,48
4th grade,0,1,11,9,60
4th grade,1,3,98,10,36
4th grade,1,2,73,5,34
4th grade,0,3,38,8,43
4th grade,1,3,29,7,58
4th grade,0,3,24,6,28
4th grade,1,2,28,10,61
4th grade,0,1,52,3,NULL
4th grade,0,3,49,12,66
4th grade,0,3,52,3,32
4th grade,0,1,55,6,49
4th grade,1,1,74,9,47
4th grade,0,1,98,6,49
4th grade,0,1,12,12,58
4th grade,0,1,9,8,26
4th grade,1,3,76,2,49
4th grade,0,1,18,3,52
4th grade,1,1,18,8,40
4th grade,1,1,90,3,33
4th grade,1,1,76,7,51
4th grade,0,2,22,11,26
4th grade,1,2,98,6,48
4th grade,1,3,73,7,43
4th grade,1,3,68,11,52
4th grade,0,1,39,8,26
4th grade,0,1,68,9,30
4th grade,1,2,33,10,33
4th grade,0,1,17,2,42
4th grade,0,2,10,9,46
4th grade,0,1,11,9,51
4th grade,0,1,72,7,43
4th grade,0,1,15,7,60
4th grade,1,3,60,1,42
4th grade,1,2,33,7,47
4th grade,0,2,99,9,44
4th grade,1,1,97,10,29
4th grade,1,1,67,9,62
4th grade,1,1,38,9,34
4th grade,0,1,64,9,46
4th grade,1,2,31,10,44
4th grade,0,1,95,9,58
4th grade,1,3,3,6,52
4th grade,0,1,6,10,36
4th grade,0,2,63,8,55
4th grade,1,1,96,5,23
4th grade,0,1,43,2,64
4th grade,0,2,84,9,43
4th grade,0,1,61,2,49
4th grade,1,2,84,9,31
4th grade,1,2,92,1,28
4th grade,1,3,7,7,51
4th grade,0,1,24,11,45
4th grade,0,1,72,2,41
4th grade,0,3,62,1,40
4th grade,1,3,66,9,42
4th grade,1,2,23,8,51
4th grade,1,1,98,5,58
4th grade,0,3,75,10,27
4th grade,1,1,55,11,46
4th grade,1,1,22,8,61
4th grade,1,3,44,8,23
4th grade,1,2,44,12,45
4th grade,0,3,14,8,43
4th grade,1,2,48,2,46
4th grade,0,1,54,5,27
4th grade,1,3,65,8,26
4th grade,1,2,44,5,65
4th grade,0,2,48,6,19
4th grade,0,1,50,1,64
4th grade,0,2,75,2,28
4th grade,0,1,27,8,42
4th grade,0,1,95,10,55
4th grade,1,1,70,2,54
4th grade,0,1,31,8,23
4th grade,1,3,52,10,46
4th grade,1,3,13,9,26
4th grade,0,1,48,3,35
4th grade,0,2,20,11,50
4th grade,1,1,17,8,58
4th grade,0,2,29,10,45
4th grade,0,2,15,11,45
4th grade,1,1,39,5,41
4th grade,0,2,86,9,37
4th grade,0,1,39,6,45
4th grade,1,1,44,10,47
4th grade,1,1,2,6,42
4th grade,0,1,73,10,43
4th grade,1,2,29,10,25
4th grade,1,1,74,10,20
4th grade,0,3,61,2,29
4th grade,1,3,5,12,52
4th grade,0,1,96,5,41
4th grade,1,3,13,4,54
4th grade,0,3,44,8,42
4th grade,0,1,34,7,NULL
4th grade,1,3,20,12,20
4th grade,1,1,90,8,36
4th grade,1,3,75,9,25
4th grade,1,3,28,6,51
4th grade,1,1,6,9,62
4th grade,0,3,21,10,43
4th grade,0,2,38,10,52
4th grade,1,3,51,7,46
4th grade,1,2,45,8,42
4th grade,0,3,27,10,33
4th grade,1,2,20,9,65
4th grade,1,1,3,8,NULL
4th grade,1,2,89,9,32
4th grade,0,1,62,3,34
4th grade,1,1,71,11,56
4th grade,0,1,63,6,23
4th grade,1,1,60,7,58
4th grade,1,3,56,9,46
4th grade,0,2,13,11,35
4th grade,1,3,47,7,46
4th grade,1,3,22,9,32
4th grade,1,3,83,5,63
4th grade,1,1,17,7,27
4th grade,0,2,60,5,63
4th grade,1,1,81,11,40
4th grade,0,1,28,9,42
4th grade,0,2,45,10,43
4th grade,0,1,23,10,22
4th grade,1,1,92,8,22
4th grade,0,3,45,6,45
4th grade,0,1,26,10,34
4th grade,0,2,33,12,54
4th grade,0,2,75,8,43
4th grade,0,2,42,11,33
4th grade,0,2,25,4,21
4th grade,1,1,38,10,38
4th grade,1,1,69,10,21
4th grade,0,1,16,6,44
4th grade,1,2,79,6,42
4th grade,1,1,52,2,38
4th grade,0,2,46,9,49
4th grade,1,1,70,10,25
4th grade,0,2,69,10,44
4th grade,1,1,53,5,49
4th grade,1,2,14,3,26
4th grade,1,3,67,11,41
4th grade,1,1,78,9,31
4th grade,1,1,4,9,41
4th grade,0,1,89,11,42
4th grade,0,1,53,11,45
4th grade,0,3,12,3,64
4th grade,0,1,2,8,49
4th grade,0,2,19,6,51
4th grade,1,3,56,11,28
4th grade,0,3,11,12,57
4th grade,1,3,42,8,22
4th grade,0,3,60,7,41
4th grade,1,1,97,12,40
4th grade,1,2,34,11,25
4th grade,0,2,70,1,62
4th grade,0,1,80,12,52
4th grade,1,1,93,4,28
4th grade,1,3,30,11,49
4th grade,0,1,54,9,35
4th grade,0,1,40,7,41
4th grade,1,1,46,10,33
4th grade,0,1,73,8,34
4th grade,0,1,95,8,43
4th grade,1,1,95,9,67
4th grade,0,1,15,3,55
4th grade,1,2,3,8,43
4th grade,1,3,42,9,35
4th grade,0,1,31,9,51
4th grade,1,1,76,11,25
4th grade,1,1,37,12,44
4th grade,0,3,45,10,25
4th grade,1,1,83,3,43
4th grade,0,3,94,8,43
4th grade,1,1,38,4,44
4th grade,1,1,93,11,63
4th grade,1,3,51,9,42
4th grade,1,2,70,10,43
4th grade,1,2,47,8,43
4th grade,0,3,80,8,45
4th grade,1,3,88,11,42
4th grade,0,1,15,6,36
4th grade,0,3,83,2,43
4th grade,0,1,94,9,21
4th grade,1,1,85,9,53
4th grade,1,2,25,9,51
4th grade,0,3,25,10,27
4th grade,0,1,10,8,48
4th grade,1,3,90,3,53
4th grade,0,1,65,8,31
4th grade,1,2,24,5,42
4th grade,0,3,84,12,26
4th grade,0,1,50,10,34
4th grade,0,2,59,12,56
4th grade,1,2,34,6,47
4th grade,0,3,27,12,57
4th grade,0,1,15,9,51
4th grade,1,1,20,10,24
4th grade,0,1,86,5,58
4th grade,1,2,38,11,37
4th grade,1,1,4,8,63
4th grade,1,1,82,9,56
4th grade,0,1,90,10,41
4th grade,0,1,82,5,41
4th grade,1,3,56,8,32
4th grade,0,1,93,9,28
4th grade,1,2,88,7,25
4th grade,0,1,36,11,49
4th grade,1,1,5,4,50
4th grade,0,1,75,7,37
4th grade,1,3,20,9,31
4th grade,0,2,30,10,24
4th grade,0,1,80,2,50
4th grade,0,1,14,4,39
4th grade,1,2,25,9,44
4th grade,1,3,53,3,43
4th grade,1,3,80,2,42
4th grade,1,1,96,8,46
4th grade,1,1,79,8,49
4th grade,1,2,38,5,57
4th grade,1,3,34,10,43
4th grade,1,3,90,7,24
4th grade,0,3,88,4,28
4th grade,1,1,32,10,61
4th grade,0,2,96,8,26
4th grade,1,2,4,7,23
4th grade,0,1,97,5,45
4th grade,0,2,95,2,25
4th grade,0,1,87,9,54
4th grade,1,1,76,10,49
4th grade,1,1,44,10,24
4th grade,1,2,42,7,57
4th grade,1,2,21,7,44
4th grade,1,1,39,1,61
4th grade,1,2,10,10,25
4th grade,1,2,36,3,26
4th grade,1,2,54,11,43
4th grade,0,1,75,10,53
4th grade,0,2,16,10,53
4th grade,0,1,59,1,21
4th grade,0,1,46,1,33
4th grade,0,2,67,12,27
4th grade,0,1,32,8,63
4th grade,0,2,18,8,55
4th grade,1,3,50,4,22
4th grade,0,3,21,9,50
4th grade,1,2,88,7,44
4th grade,0,3,71,6,44
4th grade,1,2,57,8,51
4th grade,0,1,56,3,85
4th grade,0,3,6,2,21
4th grade,0,1,55,9,54
4th grade,0,1,43,8,52
4th grade,0,1,18,12,62
4th grade,1,2,61,5,34
4th grade,0,1,52,8,48
4th grade,1,1,37,9,26
4th grade,1,1,59,7,22
4th grade,1,1,10,7,63
4th grade,0,1,42,5,37
4th grade,0,3,51,5,60
4th grade,1,1,69,11,63
4th grade,1,1,78,8,44
4th grade,1,1,54,11,65
4th grade,1,1,25,11,39
4th grade,0,1,18,9,40
4th grade,1,1,35,7,50
4th grade,0,2,65,7,34
4th grade,1,1,20,7,46
4th grade,1,1,60,7,22
4th grade,1,2,88,8,43
4th grade,1,2,17,10,NULL
4th grade,1,1,87,11,62
4th grade,1,1,6,7,44
4th grade,1,3,88,1,44
4th grade,0,1,67,10,60
4th grade,0,1,24,7,47
4th grade,0,1,5,8,30
4th grade,1,2,17,7,58
4th grade,0,1,74,10,40
4th grade,1,1,26,1,48
4th grade,1,1,72,3,33
4th grade,0,3,11,9,64
4th grade,1,1,96,9,46
4th grade,1,2,29,8,52
4th grade,1,1,27,8,59
4th grade,1,1,77,12,66
4th grade,0,1,44,12,51
4th grade,1,3,71,10,67
4th grade,1,3,67,1,31
4th grade,0,1,77,9,23
4th grade,0,1,96,7,43
4th grade,1,1,80,10,55
4th grade,0,3,44,10,52
4th grade,1,1,48,7,42
4th grade,1,1,17,4,45
4th grade,0,1,76,3,34
4th grade,0,1,10,8,46
4th grade,1,1,12,8,49
4th grade,1,1,36,8,60
4th grade,0,1,8,9,35
4th grade,0,3,92,3,38
4th grade,0,2,39,11,31
4th grade,0,3,53,7,66
4th grade,1,3,18,7,28
4th grade,1,1,93,7,45
4th grade,0,1,18,11,44
4th grade,1,1,10,8,41
4th grade,0,2,33,9,51
4th grade,1,1,27,5,35
4th grade,0,2,34,10,40
4th grade,1,2,98,9,34
4th grade,0,1,34,12,32
4th grade,0,1,76,8,65
4th grade,1,3,93,1,64
4th grade,0,1,65,1,22
4th grade,0,3,42,11,47
4th grade,0,1,30,4,23
4th grade,1,1,82,7,23
4th grade,1,2,76,8,44
4th grade,1,1,6,7,35
4th grade,1,1,9,12,NULL
4th grade,0,1,64,8,28
4th grade,0,1,47,8,30
4th grade,0,1,87,10,33
4th grade,1,3,95,9,20
4th grade,1,3,58,10,44
4th grade,1,2,69,4,32
4th grade,0,2,83,10,23
4th grade,1,3,36,7,47
4th grade,0,1,71,10,63
4th grade,1,1,53,4,28
4th grade,0,1,16,9,41
4th grade,0,1,62,11,35
4th grade,0,1,4,10,35
4th grade,1,1,0,11,61
4th grade,0,3,53,6,65
4th grade,1,2,17,9,40
4th grade,0,1,4,7,45
4th grade,0,1,6,7,31
4th grade,0,3,72,1,28
4th grade,0,1,73,8,28
4th grade,0,2,17,9,61
4th grade,0,2,74,6,21
4th grade,1,1,96,9,46
4th grade,0,3,65,3,60
4th grade,0,1,59,3,37
4th grade,0,1,82,11,31
4th grade,0,1,64,3,45
4th grade,1,1,24,2,40
4th grade,1,3,3,6,22
4th grade,1,2,48,10,27
4th grade,0,1,46,11,53
4th grade,1,1,75,7,46
4th grade,1,3,16,3,44
4th grade,0,3,18,8,47
4th grade,0,3,65,8,34
4th grade,1,1,93,10,25
4th grade,0,1,51,2,29
4th grade,1,2,67,6,40
4th grade,0,1,53,4,43
4th grade,0,3,69,8,46
4th grade,0,1,43,7,26
4th grade,0,3,73,8,43
4th grade,1,1,47,9,43
4th grade,0,1,24,9,61
4th grade,0,1,51,7,25
4th grade,1,3,68,8,NULL
4th grade,0,3,35,8,63
4th grade,0,2,46,5,33
4th grade,0,2,7,11,36
4th grade,0,1,39,6,44
4th grade,0,2,37,8,42
4th grade,0,1,67,1,22
4th grade,0,1,66,10,50
4th grade,1,3,66,7,44
4th grade,0,1,77,3,22
4th grade,1,3,62,8,22
4th grade,1,1,98,8,37
4th grade,1,2,16,6,48
4th grade,0,3,45,5,40
4th grade,1,1,5,9,53
4th grade,1,1,22,12,27
4th grade,0,2,24,8,56
4th grade,1,1,94,8,51
4th grade,1,3,70,9,58
4th grade,0,3,58,5,34
4th grade,1,1,26,11,46
4th grade,1,2,49,9,48
4th grade,1,3,28,12,21
4th grade,1,2,29,9,45
4th grade,0,1,10,8,44
4th grade,1,1,5,12,41
4th grade,0,1,68,5,43
4th grade,1,1,71,4,26
4th grade,1,1,85,9,53
4th grade,0,3,68,7,23
4th grade,1,1,24,9,22
4th grade,1,3,14,6,60
4th grade,1,2,55,11,66
4th grade,1,1,35,8,33
4th grade,0,1,59,10,23
4th grade,0,2,69,4,47
4th grade,1,1,32,7,39
4th grade,0,2,20,12,51
4th grade,1,1,60,8,29
4th grade,1,1,19,12,60
4th grade,1,3,56,6,30
4th grade,1,2,25,4,34
4th grade,1,1,88,4,43
4th grade,1,2,19,12,40
4th grade,0,2,43,4,58
4th grade,0,2,8,4,48
4th grade,1,1,31,7,46
4th grade,1,2,49,12,23
4th grade,0,2,1,9,57
4th grade,1,3,20,2,61
4th grade,0,2,50,11,53
4th grade,1,3,16,8,43
4th grade,1,2,75,10,57
4th grade,0,1,98,9,28
4th grade,1,1,25,9,43
4th grade,1,1,57,9,46
4th grade,1,2,2,4,28
4th grade,0,1,13,5,42
4th grade,0,1,20,9,46
4th grade,0,2,46,8,24
4th grade,1,3,2,9,43
4th grade,1,1,80,12,52
4th grade,1,1,97,4,56
4th grade,0,2,32,7,63
4th grade,0,3,26,9,40
4th grade,1,1,4,8,25
4th grade,1,1,35,10,65
4th grade,0,1,20,8,54
4th grade,0,1,54,7,33
4th grade,1,3,57,7,32
4th grade,0,1,58,10,42
4th grade,1,3,43,7,35
4th grade,0,1,67,7,58
4th grade,0,1,31,4,27
4th grade,0,2,37,9,39
4th grade,1,2,7,9,44
4th grade,0,1,44,6,34
4th grade,1,3,18,5,62
4th grade,1,2,22,7,60
4th grade,0,1,2,8,63
4th grade,0,2,38,6,32
4th grade,1,2,67,2,59
4th grade,0,2,96,9,46
4th grade,1,1,14,1,NULL
4th grade,1,2,22,12,23
4th grade,0,3,68,3,54
4th grade,0,3,16,10,31
4th grade,0,1,42,5,53
4th grade,1,2,49,10,25
4th grade,1,2,66,9,56
4th grade,0,1,97,5,28
4th grade,1,1,63,10,45
4th grade,1,3,25,12,61
4th grade,1,1,63,3,28
4th grade,0,1,70,8,35
4th grade,0,2,40,9,NULL
4th grade,0,1,42,9,65
4th grade,1,1,12,1,43
4th grade,0,3,84,10,32
4th grade,1,2,25,9,43
4th grade,0,3,67,5,46
4th grade,1,3,59,5,55
4th grade,0,1,24,3,47
4th grade,0,1,96,8,44
4th grade,0,3,85,12,40
4th grade,1,1,66,8,44
4th grade,0,1,35,9,50
4th grade,1,1,99,7,63
4th grade,1,2,55,4,21
4th grade,1,1,73,6,35
4th grade,0,1,33,10,45
4th grade,1,1,7,7,61
4th grade,1,3,63,7,44
4th grade,1,1,48,8,30
4th grade,1,1,17,10,20
4th grade,1,3,70,11,39
4th grade,0,1,29,1,32
4th grade,0,2,41,10,43
4th grade,1,3,35,6,63
4th grade,1,1,26,12,26
4th grade,1,1,14,6,29
4th grade,1,2,37,6,33
4th grade,1,2,23,5,34
4th grade,1,1,13,4,43
4th grade,0,2,65,7,33
4th grade,1,1,3,10,45
4th grade,0,2,57,9,21
4th grade,1,2,45,10,42
4th grade,1,3,6,5,20
4th grade,1,1,31,7,25
4th grade,1,1,13,9,55
4th grade,0,3,64,8,53
4th grade,1,3,0,1,60
4th grade,0,1,37,7,47
4th grade,0,2,14,4,22
4th grade,0,1,90,8,62
4th grade,0,1,72,2,22
4th grade,1,3,64,11,64
4th grade,1,2,98,10,45
4th grade,0,2,56,12,64
4th grade,1,3,88,9,42
4th grade,0,1,50,11,58
4th grade,1,1,29,7,40
4th grade,1,1,73,3,NULL
4th grade,1,1,91,4,35
4th grade,0,2,19,1,59
4th grade,0,2,42,9,41
4th grade,1,3,20,9,63
4th grade,1,1,9,10,24
4th grade,0,1,35,9,23
4th grade,0,1,55,9,61
4th grade,0,1,34,5,56
4th grade,0,1,22,7,40
4th grade,0,1,55,10,52
4th grade,0,1,70,9,41
4th grade,0,1,18,7,40
4th grade,0,2,98,7,55
4th grade,0,3,21,9,31
4th grade,0,2,69,3,59
4th grade,0,1,32,9,48
4th grade,0,3,2,10,35
4th grade,0,1,51,7,47
4th grade,0,1,83,9,50
4th grade,0,3,40,10,33
4th grade,0,1,72,9,44
4th grade,1,1,94,9,42
4th grade,1,3,37,9,26
4th grade,1,3,99,6,43
4th grade,0,1,38,9,42
4th grade,0,1,18,10,50
4th grade,1,1,19,6,65
4th grade,1,1,67,6,NULL
4th grade,0,1,90,9,54
4th grade,1,3,2,7,40
4th grade,1,1,33,6,43
4th grade,0,1,90,3,44
4th grade,1,2,17,10,34
4th grade,0,2,62,8,46
4th grade,1,1,57,8,40
4th grade,1,1,41,9,32
4th grade,0,1,20,4,25
4th grade,0,3,29,8,42
4th grade,1,3,82,5,31
4th grade,1,1,61,9,35
4th grade,0,3,68,12,33
4th grade,0,1,63,5,49
4th grade,0,2,25,7,26
4th grade,1,1,65,1,62
4th grade,1,1,90,10,28
4th grade,1,2,66,9,55
4th grade,1,3,4,5,31
4th grade,1,2,88,9,55
4th grade,0,1,91,11,42
4th grade,0,1,17,9,27
4th grade,0,1,1,11,62
4th grade,0,2,23,10,43
4th grade,1,3,68,12,42
4th grade,0,2,60,9,49
4th grade,0,2,59,1,21
4th grade,1,2,66,11,28
4th grade,0,3,73,8,42
4th grade,1,3,91,10,54
4th grade,0,3,41,8,48
4th grade,1,3,70,10,42
4th grade,1,1,50,8,51
4th grade,1,2,6,5,21
4th grade,1,1,77,3,46
4th grade,1,1,48,8,41
4th grade,1,1,6,2,34
4th grade,0,1,83,8,43
4th grade,0,1,42,10,56
4th grade,1,2,16,8,29
4th grade,1,1,13,9,44
4th grade,0,1,14,10,47
4th grade,1,2,77,9,44
4th grade,0,2,16,11,46
4th grade,1,1,59,9,31
4th grade,1,2,87,9,41
4th grade,0,1,49,10,44
4th grade,0,2,20,6,37
4th grade,1,1,76,2,41
4th grade,0,1,36,1,24
4th grade,1,3,48,12,35
4th grade,0,1,20,8,66
4th grade,0,2,27,11,46
4th grade,0,1,26,11,49
4th grade,1,2,4,8,27
4th grade,1,3,52,9,61
4th grade,0,2,73,11,55
4th grade,0,1,24,10,43
4th grade,0,1,17,5,36
4th grade,1,3,3,12,58
4th grade,1,1,39,2,32
4th grade,0,3,74,3,67
4th grade,0,1,29,10,35
4th grade,1,2,54,8,66
4th grade,1,3,35,10,46
4th grade,1,3,73,6,39
4th grade,1,2,58,5,41
4th grade,1,2,74,9,22
4th grade,0,1,47,6,20
4th grade,0,1,79,9,48
4th grade,0,2,85,5,47
4th grade,0,2,97,8,46
4th grade,0,1,32,4,27
4th grade,1,1,90,7,43
4th grade,1,1,60,7,54
4th grade,0,2,43,7,47
4th grade,1,2,35,11,35
4th grade,0,2,4,10,42
4th grade,1,1,63,8,34
4th grade,0,2,20,7,55
4th grade,0,1,29,5,32
4th grade,0,3,58,7,42
4th grade,0,2,53,5,31
4th grade,1,1,97,9,43
4th grade,0,1,30,10,32
4th grade,0,1,52,8,42
4th grade,0,2,30,8,23
4th grade,1,1,50,6,49
4th grade,0,1,3,10,41
4th grade,1,1,30,11,36
4th grade,1,3,38,11,40
4th grade,0,1,23,10,44
4th grade,1,3,83,10,43
4th grade,0,3,64,11,54
4th grade,0,1,8,4,53
4th grade,1,3,10,6,43
4th grade,0,2,19,10,61
4th grade,1,2,44,8,61
4th grade,1,1,63,9,56
4th grade,0,2,5,9,38
4th grade,0,3,53,7,46
4th grade,0,1,65,11,41
4th grade,1,3,37,10,22
4th grade,1,1,23,8,46
4th grade,0,1,32,7,43
4th grade,0,3,1,7,45
4th grade,0,2,28,3,40
4th grade,0,1,57,10,51
4th grade,0,3,35,6,39
4th grade,0,3,23,8,42
4th grade,0,3,19,3,47
4th grade,0,3,53,9,40
4th grade,1,3,74,8,31
4th grade,1,3,79,9,51
4th grade,0,1,33,9,59
4th grade,1,2,6,9,44
4th grade,0,1,25,2,28
4th grade,0,1,34,11,35
4th grade,1,3,80,7,58
4th grade,0,3,68,10,39
4th grade,0,2,33,8,43
4th grade,1,1,81,3,28
4th grade,1,3,0,8,34
4th grade,1,2,67,1,49
4th grade,1,1,71,9,43
4th grade,1,3,68,7,39
4th grade,1,2,31,2,57
4th grade,1,2,12,8,45
4th grade,1,1,26,8,44
4th grade,0,2,53,8,43
4th grade,0,3,98,9,61
4th grade,0,1,53,9,65
4th grade,1,1,15,10,21
4th grade,0,1,90,3,55
4th grade,1,3,99,10,53
4th grade,0,3,97,10,43
4th grade,1,2,30,10,35
4th grade,1,1,86,6,49
4th grade,1,1,83,10,60
4th grade,1,3,33,11,43
4th grade,0,3,79,8,22
4th grade,0,1,99,7,63
4th grade,1,1,9,6,63
4th grade,0,1,40,8,32
4th grade,1,1,25,10,43
4th grade,1,1,18,10,60
4th grade,0,3,93,9,62
4th grade,0,1,41,11,44
4th grade,0,2,30,8,44
4th grade,1,3,67,4,52
4th grade,0,2,41,10,19
4th grade,0,1,15,4,41
4th grade,1,3,31,10,NULL
4th grade,0,3,54,7,40
4th grade,0,2,37,9,35
4th grade,0,2,39,9,55
4th grade,0,1,47,3,49
4th grade,0,1,70,9,38
4th grade,1,1,81,10,45
4th grade,0,3,23,5,54
4th grade,1,1,49,9,39
4th grade,0,1,40,3,57
4th grade,0,2,75,3,27
4th grade,1,1,15,10,41
4th grade,0,1,27,11,51
4th grade,1,2,71,10,47